,track_urs,track_names,release_dates,artists_info,artist_names,artist_pops,artists_genres,albums,tracks_pop
0,spotify:track:0GPJSHYaXh8rZSSJoUMgyl,free love,2020-07-03,"{'external_urls': {'spotify': 'https://open.spotify.com/artist/0Vw76uk7P8yVtTClWyOhac'}, 'followers': {'href': None, 'total': 1426381}, 'genres': ['pop', 'uk pop'], 'href': 'https://api.spotify.com/v1/artists/0Vw76uk7P8yVtTClWyOhac', 'id': '0Vw76uk7P8yVtTClWyOhac', 'images': [{'height': 640, 'url': 'https://i.scdn.co/image/ab6761610000e5ebe1b208b540b1419be505c696', 'width': 640}, {'height': 320, 'url': 'https://i.scdn.co/image/ab67616100005174e1b208b540b1419be505c696', 'width': 320}, {'height': 160, 'url': 'https://i.scdn.co/image/ab6761610000f178e1b208b540b1419be505c696', 'width': 160}], 'name': 'HONNE', 'popularity': 65, 'type': 'artist', 'uri': 'spotify:artist:0Vw76uk7P8yVtTClWyOhac'}",HONNE,65,"['pop', 'uk pop']",no song without you,65
1,spotify:track:4YaRTwLpyEnfwZtRzs8qYp,Give,2017-01-06,"{'external_urls': {'spotify': 'https://open.spotify.com/artist/1kNQXvepPjaPgUfeDAF2h6'}, 'followers': {'href': None, 'total': 694028}, 'genres': ['modern alternative rock', 'modern rock', 'pop punk', 'rock'], 'href': 'https://api.spotify.com/v1/artists/1kNQXvepPjaPgUfeDAF2h6', 'id': '1kNQXvepPjaPgUfeDAF2h6', 'images': [{'height': 640, 'url': 'https://i.scdn.co/image/ab6761610000e5ebef140aed2575d2167730864a', 'width': 640}, {'height': 320, 'url': 'https://i.scdn.co/image/ab67616100005174ef140aed2575d2167730864a', 'width': 320}, {'height': 160, 'url': 'https://i.scdn.co/image/ab6761610000f178ef140aed2575d2167730864a', 'width': 160}], 'name': 'You Me At Six', 'popularity': 59, 'type': 'artist', 'uri': 'spotify:artist:1kNQXvepPjaPgUfeDAF2h6'}",You Me At Six,59,"['modern alternative rock', 'modern rock', 'pop punk', 'rock']",Night People,0
2,spotify:track:3k2B2G0eRp5Tcss4tPHBaB,Stepson,2013-01-31,"{'external_urls': {'spotify': 'https://open.spotify.com/artist/6FQqZYVfTNQ1pCqfkwVFEa'}, 'followers': {'href': None, 'total': 1278915}, 'genres': ['indie rock', 'modern rock', 'oxford indie', 'rock'], 'href': 'https://api.spotify.com/v1/artists/6FQqZYVfTNQ1pCqfkwVFEa', 'id': '6FQqZYVfTNQ1pCqfkwVFEa', 'images': [{'height': 640, 'url': 'https://i.scdn.co/image/ab6761610000e5ebe7b5d168c13ddba810b430dd', 'width': 640}, {'height': 320, 'url': 'https://i.scdn.co/image/ab67616100005174e7b5d168c13ddba810b430dd', 'width': 320}, {'height': 160, 'url': 'https://i.scdn.co/image/ab6761610000f178e7b5d168c13ddba810b430dd', 'width': 160}], 'name': 'Foals', 'popularity': 64, 'type': 'artist', 'uri': 'spotify:artist:6FQqZYVfTNQ1pCqfkwVFEa'}",Foals,64,"['indie rock', 'modern rock', 'oxford indie', 'rock']",Holy Fire,35
3,spotify:track:2Kp7DmEPQZQ1ru6OmoLJEo,Tokyo Witch,2006-10-03,"{'external_urls': {'spotify': 'https://open.spotify.com/artist/56ZTgzPBDge0OvCGgMO3OY'}, 'followers': {'href': None, 'total': 1608926}, 'genres': ['baltimore indie', 'dream pop', 'dreamo', 'modern dream pop'], 'href': 'https://api.spotify.com/v1/artists/56ZTgzPBDge0OvCGgMO3OY', 'id': '56ZTgzPBDge0OvCGgMO3OY', 'images': [{'height': 640, 'url': 'https://i.scdn.co/image/ab6761610000e5ebb3e38a46a56a423d8f741c09', 'width': 640}, {'height': 320, 'url': 'https://i.scdn.co/image/ab67616100005174b3e38a46a56a423d8f741c09', 'width': 320}, {'height': 160, 'url': 'https://i.scdn.co/image/ab6761610000f178b3e38a46a56a423d8f741c09', 'width': 160}], 'name': 'Beach House', 'popularity': 71, 'type': 'artist', 'uri': 'spotify:artist:56ZTgzPBDge0OvCGgMO3OY'}",Beach House,71,"['baltimore indie', 'dream pop', 'dreamo', 'modern dream pop']",Beach House,36
4,spotify:track:3lqrCvTI9YRt62FR5JSTom,Say When,2009-02-02,"{'external_urls': {'spotify': 'https://open.spotify.com/artist/0zOcE3mg9nS6l3yxt1Y0bK'}, 'followers': {'href': None, 'total': 3699924}, 'genres': ['neo mellow', 'piano rock', 'pop', 'pop rock'], 'href': 'https://api.spotify.com/v1/artists/0zOcE3mg9nS6l3yxt1Y0bK', 'id': '0zOcE3mg9nS6l3yxt1Y0bK', 'images': [{'height': 640, 'url': 'https://i.scdn.co/image/ab6761610000e5eb0f1175c762fb80f71469b344', 'width': 640}, {'height': 320, 'url': 'https://i.scdn.co/image/ab676161000051740f1175c762fb80f71469b344', 'width': 320}, {'height': 160, 'url': 'https://i.scdn.co/image/ab6761610000f1780f1175c762fb80f71469b344', 'width': 160}], 'name': 'The Fray', 'popularity': 68, 'type': 'artist', 'uri': 'spotify:artist:0zOcE3mg9nS6l3yxt1Y0bK'}",The Fray,68,"['neo mellow', 'piano rock', 'pop', 'pop rock']",The Fray,46
5,spotify:track:5IwUFTiNkarb5HEtNRtRtc,mother tongue,2019-01-25,"{'external_urls': {'spotify': 'https://open.spotify.com/artist/1Ffb6ejR6Fe5IamqA5oRUF'}, 'followers': {'href': None, 'total': 4411582}, 'genres': ['melodic metalcore', 'metalcore', 'rock', 'uk metalcore'], 'href': 'https://api.spotify.com/v1/artists/1Ffb6ejR6Fe5IamqA5oRUF', 'id': '1Ffb6ejR6Fe5IamqA5oRUF', 'images': [{'height': 640, 'url': 'https://i.scdn.co/image/ab6761610000e5eb001ae3b1275c9ec37a4c550b', 'width': 640}, {'height': 320, 'url': 'https://i.scdn.co/image/ab67616100005174001ae3b1275c9ec37a4c550b', 'width': 320}, {'height': 160, 'url': 'https://i.scdn.co/image/ab6761610000f178001ae3b1275c9ec37a4c550b', 'width': 160}], 'name': 'Bring Me The Horizon', 'popularity': 77, 'type': 'artist', 'uri': 'spotify:artist:1Ffb6ejR6Fe5IamqA5oRUF'}",Bring Me The Horizon,77,"['melodic metalcore', 'metalcore', 'rock', 'uk metalcore']",amo,59
6,spotify:track:5jYe1mOKg5zUx0enf1DOdz,Cold,2019-08-08,"{'external_urls': {'spotify': 'https://open.spotify.com/artist/0xu4jAQQv7ZAqvFGdc9HgP'}, 'followers': {'href': None, 'total': 188115}, 'genres': ['alt z', 'australian pop', 'electropop', 'pop', 'uk pop'], 'href': 'https://api.spotify.com/v1/artists/0xu4jAQQv7ZAqvFGdc9HgP', 'id': '0xu4jAQQv7ZAqvFGdc9HgP', 'images': [{'height': 640, 'url': 'https://i.scdn.co/image/ab6761610000e5eb70462327856668ca69977701', 'width': 640}, {'height': 320, 'url': 'https://i.scdn.co/image/ab6761610000517470462327856668ca69977701', 'width': 320}, {'height': 160, 'url': 'https://i.scdn.co/image/ab6761610000f17870462327856668ca69977701', 'width': 160}], 'name': 'Boy In Space', 'popularity': 58, 'type': 'artist', 'uri': 'spotify:artist:0xu4jAQQv7ZAqvFGdc9HgP'}",Boy In Space,58,"['alt z', 'australian pop', 'electropop', 'pop', 'uk pop']",Cold,62
7,spotify:track:3RiPr603aXAoi4GHyXx0uy,Hymn for the Weekend,2015-12-04,"{'external_urls': {'spotify': 'https://open.spotify.com/artist/4gzpq5DPGxSnKTe4SA8HAU'}, 'followers': {'href': None, 'total': 38233691}, 'genres': ['permanent wave', 'pop'], 'href': 'https://api.spotify.com/v1/artists/4gzpq5DPGxSnKTe4SA8HAU', 'id': '4gzpq5DPGxSnKTe4SA8HAU', 'images': [{'height': 640, 'url': 'https://i.scdn.co/image/ab6761610000e5eb865a3301762a8fce048cb469', 'width': 640}, {'height': 320, 'url': 'https://i.scdn.co/image/ab67616100005174865a3301762a8fce048cb469', 'width': 320}, {'height': 160, 'url': 'https://i.scdn.co/image/ab6761610000f178865a3301762a8fce048cb469', 'width': 160}], 'name': 'Coldplay', 'popularity': 88, 'type': 'artist', 'uri': 'spotify:artist:4gzpq5DPGxSnKTe4SA8HAU'}",Coldplay,88,"['permanent wave', 'pop']",A Head Full of Dreams,84
8,spotify:track:2hVSPUJVMxQwcfa1xdhRt8,blur,2022-06-03,"{'external_urls': {'spotify': 'https://open.spotify.com/artist/6aX6KqXgEcARRHwvWxHcFW'}, 'followers': {'href': None, 'total': 722888}, 'genres': ['canadian pop', 'pop'], 'href': 'https://api.spotify.com/v1/artists/6aX6KqXgEcARRHwvWxHcFW', 'id': '6aX6KqXgEcARRHwvWxHcFW', 'images': [{'height': 640, 'url': 'https://i.scdn.co/image/ab6761610000e5eb1d851d77d3ab7d1a29808cb3', 'width': 640}, {'height': 320, 'url': 'https://i.scdn.co/image/ab676161000051741d851d77d3ab7d1a29808cb3', 'width': 320}, {'height': 160, 'url': 'https://i.scdn.co/image/ab6761610000f1781d851d77d3ab7d1a29808cb3', 'width': 160}], 'name': 'Johnny Orlando', 'popularity': 62, 'type': 'artist', 'uri': 'spotify:artist:6aX6KqXgEcARRHwvWxHcFW'}",Johnny Orlando,62,"['canadian pop', 'pop']",blur,54
9,spotify:track:0umDVf77ygI5RiVp9OvNDj,Pyro,2010-10-19,"{'external_urls': {'spotify': 'https://open.spotify.com/artist/2qk9voo8llSGYcZ6xrBzKx'}, 'followers': {'href': None, 'total': 5014940}, 'genres': ['modern rock', 'rock'], 'href': 'https://api.spotify.com/v1/artists/2qk9voo8llSGYcZ6xrBzKx', 'id': '2qk9voo8llSGYcZ6xrBzKx', 'images': [{'height': 640, 'url': 'https://i.scdn.co/image/ab6761610000e5eb8fbd402cfd8cc6ce926a2229', 'width': 640}, {'height': 320, 'url': 'https://i.scdn.co/image/ab676161000051748fbd402cfd8cc6ce926a2229', 'width': 320}, {'height': 160, 'url': 'https://i.scdn.co/image/ab6761610000f1788fbd402cfd8cc6ce926a2229', 'width': 160}], 'name': 'Kings of Leon', 'popularity': 73, 'type': 'artist', 'uri': 'spotify:artist:2qk9voo8llSGYcZ6xrBzKx'}",Kings of Leon,73,"['modern rock', 'rock']",Come Around Sundown (Expanded Edition),67
10,spotify:track:7IiqF2tYiixnpBcFjkocjA,Moving On,2013-08-06,"{'external_urls': {'spotify': 'https://open.spotify.com/artist/1caBfBEapzw8z2Qz9q0OaQ'}, 'followers': {'href': None, 'total': 1859763}, 'genres': ['alternative metal', 'metalcore', 'trancecore', 'uk metalcore'], 'href': 'https://api.spotify.com/v1/artists/1caBfBEapzw8z2Qz9q0OaQ', 'id': '1caBfBEapzw8z2Qz9q0OaQ', 'images': [{'height': 640, 'url': 'https://i.scdn.co/image/ab6761610000e5ebaf99c0e6478c463beb1208e7', 'width': 640}, {'height': 320, 'url': 'https://i.scdn.co/image/ab67616100005174af99c0e6478c463beb1208e7', 'width': 320}, {'height': 160, 'url': 'https://i.scdn.co/image/ab6761610000f178af99c0e6478c463beb1208e7', 'width': 160}], 'name': 'Asking Alexandria', 'popularity': 65, 'type': 'artist', 'uri': 'spotify:artist:1caBfBEapzw8z2Qz9q0OaQ'}",Asking Alexandria,65,"['alternative metal', 'metalcore', 'trancecore', 'uk metalcore']",From Death To Destiny,57
11,spotify:track:6upnye9Xyw6VuhX49Fpm6j,Cuando Quieras Llegar,2021-02-11,"{'external_urls': {'spotify': 'https://open.spotify.com/artist/4VAZ6unMJx5upeWn0aFYuo'}, 'followers': {'href': None, 'total': 76462}, 'genres': ['colombian rock', 'indie rock colombiano', 'latin rock'], 'href': 'https://api.spotify.com/v1/artists/4VAZ6unMJx5upeWn0aFYuo', 'id': '4VAZ6unMJx5upeWn0aFYuo', 'images': [{'height': 640, 'url': 'https://i.scdn.co/image/ab6761610000e5ebf3bbe725e999d796f850b1f5', 'width': 640}, {'height': 320, 'url': 'https://i.scdn.co/image/ab67616100005174f3bbe725e999d796f850b1f5', 'width': 320}, {'height': 160, 'url': 'https://i.scdn.co/image/ab6761610000f178f3bbe725e999d796f850b1f5', 'width': 160}], 'name': 'Diamante Eléctrico', 'popularity': 47, 'type': 'artist', 'uri': 'spotify:artist:4VAZ6unMJx5upeWn0aFYuo'}",Diamante Eléctrico,47,"['colombian rock', 'indie rock colombiano', 'latin rock']",Mira Lo Que Me Hiciste Hacer,48
12,spotify:track:6MWaf0c7rvbvVH5V2zmHJn,Young Girl,2016-04-01,"{'external_urls': {'spotify': 'https://open.spotify.com/artist/4CKIGHCZRzNoiNDSaW5eaq'}, 'followers': {'href': None, 'total': 29652}, 'genres': ['mexican indie'], 'href': 'https://api.spotify.com/v1/artists/4CKIGHCZRzNoiNDSaW5eaq', 'id': '4CKIGHCZRzNoiNDSaW5eaq', 'images': [{'height': 640, 'url': 'https://i.scdn.co/image/ab6761610000e5eb27c2cf982a3e05267d2b320c', 'width': 640}, {'height': 320, 'url': 'https://i.scdn.co/image/ab6761610000517427c2cf982a3e05267d2b320c', 'width': 320}, {'height': 160, 'url': 'https://i.scdn.co/image/ab6761610000f17827c2cf982a3e05267d2b320c', 'width': 160}], 'name': 'Midnight Generation', 'popularity': 44, 'type': 'artist', 'uri': 'spotify:artist:4CKIGHCZRzNoiNDSaW5eaq'}",Midnight Generation,44,['mexican indie'],Funk Your Bones (Side B),49
13,spotify:track:0oOi9CONKPVfTR2PqfcNSR,Toni,2022-04-07,"{'external_urls': {'spotify': 'https://open.spotify.com/artist/3WaJSfKnzc65VDgmj2zU8B'}, 'followers': {'href': None, 'total': 1443793}, 'genres': ['alternative rock', 'indie rock', 'modern rock', 'rock'], 'href': 'https://api.spotify.com/v1/artists/3WaJSfKnzc65VDgmj2zU8B', 'id': '3WaJSfKnzc65VDgmj2zU8B', 'images': [{'height': 640, 'url': 'https://i.scdn.co/image/ab6761610000e5eb120d51babe5e6770b00ac3c6', 'width': 640}, {'height': 320, 'url': 'https://i.scdn.co/image/ab67616100005174120d51babe5e6770b00ac3c6', 'width': 320}, {'height': 160, 'url': 'https://i.scdn.co/image/ab6761610000f178120d51babe5e6770b00ac3c6', 'width': 160}], 'name': 'Interpol', 'popularity': 64, 'type': 'artist', 'uri': 'spotify:artist:3WaJSfKnzc65VDgmj2zU8B'}",Interpol,64,"['alternative rock', 'indie rock', 'modern rock', 'rock']",Toni,51
14,spotify:track:3WV34nSOObEF4RUJ5VQfae,Line of Fire,2013-04-23,"{'external_urls': {'spotify': 'https://open.spotify.com/artist/7HcipAIJatVGT4U6HQrnFW'}, 'followers': {'href': None, 'total': 165749}, 'genres': ['stomp and holler', 'swedish indie rock'], 'href': 'https://api.spotify.com/v1/artists/7HcipAIJatVGT4U6HQrnFW', 'id': '7HcipAIJatVGT4U6HQrnFW', 'images': [{'height': 800, 'url': 'https://i.scdn.co/image/1ab6f94d26cc9e1a0512e76588479667b45ad2d8', 'width': 800}, {'height': 640, 'url': 'https://i.scdn.co/image/282295ca0e26dd8d53bf19d736a90ecd27f684dd', 'width': 640}, {'height': 200, 'url': 'https://i.scdn.co/image/9f56dda0d9fb36db9729ed2d7198496dd7cee6a0', 'width': 200}, {'height': 64, 'url': 'https://i.scdn.co/image/82fe0bccf47e0d9452d0aabd9e37ab019a02e7a0', 'width': 64}], 'name': 'Junip', 'popularity': 44, 'type': 'artist', 'uri': 'spotify:artist:7HcipAIJatVGT4U6HQrnFW'}",Junip,44,"['stomp and holler', 'swedish indie rock']",Junip,36
15,spotify:track:4ldQ0aYDWB7ITE0a6U51uA,Sleep Apnea (Piano),2021-11-09,"{'external_urls': {'spotify': 'https://open.spotify.com/artist/1bwUhKRmEkOZ1wuTnV9XjC'}, 'followers': {'href': None, 'total': 470906}, 'genres': ['brooklyn indie', 'chillwave', 'dream pop', 'dreamo', 'indie garage rock', 'indie rock', 'indie surf', 'popgaze', 'shoegaze'], 'href': 'https://api.spotify.com/v1/artists/1bwUhKRmEkOZ1wuTnV9XjC', 'id': '1bwUhKRmEkOZ1wuTnV9XjC', 'images': [{'height': 640, 'url': 'https://i.scdn.co/image/ab6761610000e5ebf03d553dda88c27c42f07a7b', 'width': 640}, {'height': 320, 'url': 'https://i.scdn.co/image/ab67616100005174f03d553dda88c27c42f07a7b', 'width': 320}, {'height': 160, 'url': 'https://i.scdn.co/image/ab6761610000f178f03d553dda88c27c42f07a7b', 'width': 160}], 'name': 'Beach Fossils', 'popularity': 57, 'type': 'artist', 'uri': 'spotify:artist:1bwUhKRmEkOZ1wuTnV9XjC'}",Beach Fossils,57,"['brooklyn indie', 'chillwave', 'dream pop', 'dreamo', 'indie garage rock', 'indie rock', 'indie surf', 'popgaze', 'shoegaze']",Sleep Apnea (Piano),26
16,spotify:track:25RriQgYitvlhOso7ckY2r,Guilty Party,2017-09-08,"{'external_urls': {'spotify': 'https://open.spotify.com/artist/2cCUtGK9sDU2EoElnk0GNB'}, 'followers': {'href': None, 'total': 1406002}, 'genres': ['indie rock', 'modern rock'], 'href': 'https://api.spotify.com/v1/artists/2cCUtGK9sDU2EoElnk0GNB', 'id': '2cCUtGK9sDU2EoElnk0GNB', 'images': [{'height': 640, 'url': 'https://i.scdn.co/image/ab6761610000e5ebeb6f09d5c9727e9cde277574', 'width': 640}, {'height': 320, 'url': 'https://i.scdn.co/image/ab67616100005174eb6f09d5c9727e9cde277574', 'width': 320}, {'height': 160, 'url': 'https://i.scdn.co/image/ab6761610000f178eb6f09d5c9727e9cde277574', 'width': 160}], 'name': 'The National', 'popularity': 66, 'type': 'artist', 'uri': 'spotify:artist:2cCUtGK9sDU2EoElnk0GNB'}",The National,66,"['indie rock', 'modern rock']",Sleep Well Beast,0
17,spotify:track:5CQHf6LdOYDls2k51aSdMp,Secret Meeting,2005-04-11,"{'external_urls': {'spotify': 'https://open.spotify.com/artist/2cCUtGK9sDU2EoElnk0GNB'}, 'followers': {'href': None, 'total': 1406002}, 'genres': ['indie rock', 'modern rock'], 'href': 'https://api.spotify.com/v1/artists/2cCUtGK9sDU2EoElnk0GNB', 'id': '2cCUtGK9sDU2EoElnk0GNB', 'images': [{'height': 640, 'url': 'https://i.scdn.co/image/ab6761610000e5ebeb6f09d5c9727e9cde277574', 'width': 640}, {'height': 320, 'url': 'https://i.scdn.co/image/ab67616100005174eb6f09d5c9727e9cde277574', 'width': 320}, {'height': 160, 'url': 'https://i.scdn.co/image/ab6761610000f178eb6f09d5c9727e9cde277574', 'width': 160}], 'name': 'The National', 'popularity': 66, 'type': 'artist', 'uri': 'spotify:artist:2cCUtGK9sDU2EoElnk0GNB'}",The National,66,"['indie rock', 'modern rock']",Alligator,0
18,spotify:track:336ZYcU6poBWi3s8yzRcAD,I Follow Rivers,2011,"{'external_urls': {'spotify': 'https://open.spotify.com/artist/6oBm8HB0yfrIc9IHbxs6in'}, 'followers': {'href': None, 'total': 1693961}, 'genres': ['art pop', 'electropop', 'pop', 'swedish electropop', 'swedish indie pop', 'swedish pop'], 'href': 'https://api.spotify.com/v1/artists/6oBm8HB0yfrIc9IHbxs6in', 'id': '6oBm8HB0yfrIc9IHbxs6in', 'images': [{'height': 640, 'url': 'https://i.scdn.co/image/ab6761610000e5eb0bf8a86c8e3a34bb4934abb7', 'width': 640}, {'height': 320, 'url': 'https://i.scdn.co/image/ab676161000051740bf8a86c8e3a34bb4934abb7', 'width': 320}, {'height': 160, 'url': 'https://i.scdn.co/image/ab6761610000f1780bf8a86c8e3a34bb4934abb7', 'width': 160}], 'name': 'Lykke Li', 'popularity': 68, 'type': 'artist', 'uri': 'spotify:artist:6oBm8HB0yfrIc9IHbxs6in'}",Lykke Li,68,"['art pop', 'electropop', 'pop', 'swedish electropop', 'swedish indie pop', 'swedish pop']",Wounded Rhymes,62
19,spotify:track:7DRVOwHIJLIlAFG1pWYXoS,Nobody Else Will Be There,2017-09-08,"{'external_urls': {'spotify': 'https://open.spotify.com/artist/2cCUtGK9sDU2EoElnk0GNB'}, 'followers': {'href': None, 'total': 1406002}, 'genres': ['indie rock', 'modern rock'], 'href': 'https://api.spotify.com/v1/artists/2cCUtGK9sDU2EoElnk0GNB', 'id': '2cCUtGK9sDU2EoElnk0GNB', 'images': [{'height': 640, 'url': 'https://i.scdn.co/image/ab6761610000e5ebeb6f09d5c9727e9cde277574', 'width': 640}, {'height': 320, 'url': 'https://i.scdn.co/image/ab67616100005174eb6f09d5c9727e9cde277574', 'width': 320}, {'height': 160, 'url': 'https://i.scdn.co/image/ab6761610000f178eb6f09d5c9727e9cde277574', 'width': 160}], 'name': 'The National', 'popularity': 66, 'type': 'artist', 'uri': 'spotify:artist:2cCUtGK9sDU2EoElnk0GNB'}",The National,66,"['indie rock', 'modern rock']",Sleep Well Beast,0
20,spotify:track:4xvK4oS14yRkvehzj1FEpV,We Should Be Swimming,2012-06-19,"{'external_urls': {'spotify': 'https://open.spotify.com/artist/2DtrE0mryOk5L7uR3RZqmd'}, 'followers': {'href': None, 'total': 12989}, 'genres': ['shimmer pop'], 'href': 'https://api.spotify.com/v1/artists/2DtrE0mryOk5L7uR3RZqmd', 'id': '2DtrE0mryOk5L7uR3RZqmd', 'images': [{'height': 667, 'url': 'https://i.scdn.co/image/5269d845229075cd8378eaef1991d2cbb69488b4', 'width': 1000}, {'height': 427, 'url': 'https://i.scdn.co/image/3bcd5f5827264ff5fd2f7a7b23e8c7ed6bfd76ab', 'width': 640}, {'height': 133, 'url': 'https://i.scdn.co/image/f52b91ed006fb1cbc17926adcd6f5152e5975665', 'width': 199}, {'height': 43, 'url': 'https://i.scdn.co/image/f013d1710738f82b62f8f20ae60d046e8cb6f0af', 'width': 64}], 'name': 'Zulu Winter', 'popularity': 17, 'type': 'artist', 'uri': 'spotify:artist:2DtrE0mryOk5L7uR3RZqmd'}",Zulu Winter,17,['shimmer pop'],Language,5
21,spotify:track:2DCcPL9GoWe5jYIzDsgRrX,Carin At the Liquor Store - Recorded at Spotify Studios NYC,2017-11-15,"{'external_urls': {'spotify': 'https://open.spotify.com/artist/2cCUtGK9sDU2EoElnk0GNB'}, 'followers': {'href': None, 'total': 1406002}, 'genres': ['indie rock', 'modern rock'], 'href': 'https://api.spotify.com/v1/artists/2cCUtGK9sDU2EoElnk0GNB', 'id': '2cCUtGK9sDU2EoElnk0GNB', 'images': [{'height': 640, 'url': 'https://i.scdn.co/image/ab6761610000e5ebeb6f09d5c9727e9cde277574', 'width': 640}, {'height': 320, 'url': 'https://i.scdn.co/image/ab67616100005174eb6f09d5c9727e9cde277574', 'width': 320}, {'height': 160, 'url': 'https://i.scdn.co/image/ab6761610000f178eb6f09d5c9727e9cde277574', 'width': 160}], 'name': 'The National', 'popularity': 66, 'type': 'artist', 'uri': 'spotify:artist:2cCUtGK9sDU2EoElnk0GNB'}",The National,66,"['indie rock', 'modern rock']",Spotify Singles,0
22,spotify:track:5ymy1GTsr87c59UXVDC51P,No Harm,2015-10-02,"{'external_urls': {'spotify': 'https://open.spotify.com/artist/6e9wIFWhBPHLE9bXK8gtBI'}, 'followers': {'href': None, 'total': 676880}, 'genres': ['alternative dance', 'indie rock', 'modern rock', 'rock'], 'href': 'https://api.spotify.com/v1/artists/6e9wIFWhBPHLE9bXK8gtBI', 'id': '6e9wIFWhBPHLE9bXK8gtBI', 'images': [{'height': 640, 'url': 'https://i.scdn.co/image/ab6761610000e5eb02f411bd3acd4f49905f2564', 'width': 640}, {'height': 320, 'url': 'https://i.scdn.co/image/ab6761610000517402f411bd3acd4f49905f2564', 'width': 320}, {'height': 160, 'url': 'https://i.scdn.co/image/ab6761610000f17802f411bd3acd4f49905f2564', 'width': 160}], 'name': 'Editors', 'popularity': 56, 'type': 'artist', 'uri': 'spotify:artist:6e9wIFWhBPHLE9bXK8gtBI'}",Editors,56,"['alternative dance', 'indie rock', 'modern rock', 'rock']",In Dream,0
23,spotify:track:6W2trGwkUVR8mwGSH4Ftpf,Motorbike,2021-05-14,"{'external_urls': {'spotify': 'https://open.spotify.com/artist/3qnGvpP8Yth1AqSBMqON5x'}, 'followers': {'href': None, 'total': 1441439}, 'genres': ['modern blues'], 'href': 'https://api.spotify.com/v1/artists/3qnGvpP8Yth1AqSBMqON5x', 'id': '3qnGvpP8Yth1AqSBMqON5x', 'images': [{'height': 640, 'url': 'https://i.scdn.co/image/ab6761610000e5ebc1493f8c442935b396753e21', 'width': 640}, {'height': 320, 'url': 'https://i.scdn.co/image/ab67616100005174c1493f8c442935b396753e21', 'width': 320}, {'height': 160, 'url': 'https://i.scdn.co/image/ab6761610000f178c1493f8c442935b396753e21', 'width': 160}], 'name': 'Leon Bridges', 'popularity': 71, 'type': 'artist', 'uri': 'spotify:artist:3qnGvpP8Yth1AqSBMqON5x'}",Leon Bridges,71,['modern blues'],Motorbike,0
24,spotify:track:7mxVCiILTA07FmLly7xvpm,Humiliation,2013-05-20,"{'external_urls': {'spotify': 'https://open.spotify.com/artist/2cCUtGK9sDU2EoElnk0GNB'}, 'followers': {'href': None, 'total': 1406002}, 'genres': ['indie rock', 'modern rock'], 'href': 'https://api.spotify.com/v1/artists/2cCUtGK9sDU2EoElnk0GNB', 'id': '2cCUtGK9sDU2EoElnk0GNB', 'images': [{'height': 640, 'url': 'https://i.scdn.co/image/ab6761610000e5ebeb6f09d5c9727e9cde277574', 'width': 640}, {'height': 320, 'url': 'https://i.scdn.co/image/ab67616100005174eb6f09d5c9727e9cde277574', 'width': 320}, {'height': 160, 'url': 'https://i.scdn.co/image/ab6761610000f178eb6f09d5c9727e9cde277574', 'width': 160}], 'name': 'The National', 'popularity': 66, 'type': 'artist', 'uri': 'spotify:artist:2cCUtGK9sDU2EoElnk0GNB'}",The National,66,"['indie rock', 'modern rock']",Trouble Will Find Me,44
25,spotify:track:4hizMtcebzlqsZqp1Y6yJo,Hard to Find,2013-05-20,"{'external_urls': {'spotify': 'https://open.spotify.com/artist/2cCUtGK9sDU2EoElnk0GNB'}, 'followers': {'href': None, 'total': 1406002}, 'genres': ['indie rock', 'modern rock'], 'href': 'https://api.spotify.com/v1/artists/2cCUtGK9sDU2EoElnk0GNB', 'id': '2cCUtGK9sDU2EoElnk0GNB', 'images': [{'height': 640, 'url': 'https://i.scdn.co/image/ab6761610000e5ebeb6f09d5c9727e9cde277574', 'width': 640}, {'height': 320, 'url': 'https://i.scdn.co/image/ab67616100005174eb6f09d5c9727e9cde277574', 'width': 320}, {'height': 160, 'url': 'https://i.scdn.co/image/ab6761610000f178eb6f09d5c9727e9cde277574', 'width': 160}], 'name': 'The National', 'popularity': 66, 'type': 'artist', 'uri': 'spotify:artist:2cCUtGK9sDU2EoElnk0GNB'}",The National,66,"['indie rock', 'modern rock']",Trouble Will Find Me,44
26,spotify:track:6FfkcJoL3nns844TD4blu0,People That You Must Remember,2012-06-19,"{'external_urls': {'spotify': 'https://open.spotify.com/artist/2DtrE0mryOk5L7uR3RZqmd'}, 'followers': {'href': None, 'total': 12989}, 'genres': ['shimmer pop'], 'href': 'https://api.spotify.com/v1/artists/2DtrE0mryOk5L7uR3RZqmd', 'id': '2DtrE0mryOk5L7uR3RZqmd', 'images': [{'height': 667, 'url': 'https://i.scdn.co/image/5269d845229075cd8378eaef1991d2cbb69488b4', 'width': 1000}, {'height': 427, 'url': 'https://i.scdn.co/image/3bcd5f5827264ff5fd2f7a7b23e8c7ed6bfd76ab', 'width': 640}, {'height': 133, 'url': 'https://i.scdn.co/image/f52b91ed006fb1cbc17926adcd6f5152e5975665', 'width': 199}, {'height': 43, 'url': 'https://i.scdn.co/image/f013d1710738f82b62f8f20ae60d046e8cb6f0af', 'width': 64}], 'name': 'Zulu Winter', 'popularity': 17, 'type': 'artist', 'uri': 'spotify:artist:2DtrE0mryOk5L7uR3RZqmd'}",Zulu Winter,17,['shimmer pop'],Language,15
27,spotify:track:0bXpmJyHHYPk6QBFj25bYF,Intro,2009-08-16,"{'external_urls': {'spotify': 'https://open.spotify.com/artist/3iOvXCl6edW5Um0fXEBRXy'}, 'followers': {'href': None, 'total': 3812707}, 'genres': ['downtempo', 'dream pop', 'indietronica'], 'href': 'https://api.spotify.com/v1/artists/3iOvXCl6edW5Um0fXEBRXy', 'id': '3iOvXCl6edW5Um0fXEBRXy', 'images': [{'height': 640, 'url': 'https://i.scdn.co/image/ab6761610000e5eb193bce41687d1869f8c7593f', 'width': 640}, {'height': 320, 'url': 'https://i.scdn.co/image/ab67616100005174193bce41687d1869f8c7593f', 'width': 320}, {'height': 160, 'url': 'https://i.scdn.co/image/ab6761610000f178193bce41687d1869f8c7593f', 'width': 160}], 'name': 'The xx', 'popularity': 65, 'type': 'artist', 'uri': 'spotify:artist:3iOvXCl6edW5Um0fXEBRXy'}",The xx,65,"['downtempo', 'dream pop', 'indietronica']",xx,1
28,spotify:track:5HkUwvLeE5Lhd2FZjuXncU,Heart Skipped a Beat,2009-08-16,"{'external_urls': {'spotify': 'https://open.spotify.com/artist/3iOvXCl6edW5Um0fXEBRXy'}, 'followers': {'href': None, 'total': 3812707}, 'genres': ['downtempo', 'dream pop', 'indietronica'], 'href': 'https://api.spotify.com/v1/artists/3iOvXCl6edW5Um0fXEBRXy', 'id': '3iOvXCl6edW5Um0fXEBRXy', 'images': [{'height': 640, 'url': 'https://i.scdn.co/image/ab6761610000e5eb193bce41687d1869f8c7593f', 'width': 640}, {'height': 320, 'url': 'https://i.scdn.co/image/ab67616100005174193bce41687d1869f8c7593f', 'width': 320}, {'height': 160, 'url': 'https://i.scdn.co/image/ab6761610000f178193bce41687d1869f8c7593f', 'width': 160}], 'name': 'The xx', 'popularity': 65, 'type': 'artist', 'uri': 'spotify:artist:3iOvXCl6edW5Um0fXEBRXy'}",The xx,65,"['downtempo', 'dream pop', 'indietronica']",xx,0
29,spotify:track:2SMn57cBVxoD4TArscpovk,Islands,2009-08-16,"{'external_urls': {'spotify': 'https://open.spotify.com/artist/3iOvXCl6edW5Um0fXEBRXy'}, 'followers': {'href': None, 'total': 3812707}, 'genres': ['downtempo', 'dream pop', 'indietronica'], 'href': 'https://api.spotify.com/v1/artists/3iOvXCl6edW5Um0fXEBRXy', 'id': '3iOvXCl6edW5Um0fXEBRXy', 'images': [{'height': 640, 'url': 'https://i.scdn.co/image/ab6761610000e5eb193bce41687d1869f8c7593f', 'width': 640}, {'height': 320, 'url': 'https://i.scdn.co/image/ab67616100005174193bce41687d1869f8c7593f', 'width': 320}, {'height': 160, 'url': 'https://i.scdn.co/image/ab6761610000f178193bce41687d1869f8c7593f', 'width': 160}], 'name': 'The xx', 'popularity': 65, 'type': 'artist', 'uri': 'spotify:artist:3iOvXCl6edW5Um0fXEBRXy'}",The xx,65,"['downtempo', 'dream pop', 'indietronica']",xx,0
30,spotify:track:2B4p8xjpBFP8ZinAtewfrB,Reunion,2012-09-10,"{'external_urls': {'spotify': 'https://open.spotify.com/artist/3iOvXCl6edW5Um0fXEBRXy'}, 'followers': {'href': None, 'total': 3812707}, 'genres': ['downtempo', 'dream pop', 'indietronica'], 'href': 'https://api.spotify.com/v1/artists/3iOvXCl6edW5Um0fXEBRXy', 'id': '3iOvXCl6edW5Um0fXEBRXy', 'images': [{'height': 640, 'url': 'https://i.scdn.co/image/ab6761610000e5eb193bce41687d1869f8c7593f', 'width': 640}, {'height': 320, 'url': 'https://i.scdn.co/image/ab67616100005174193bce41687d1869f8c7593f', 'width': 320}, {'height': 160, 'url': 'https://i.scdn.co/image/ab6761610000f178193bce41687d1869f8c7593f', 'width': 160}], 'name': 'The xx', 'popularity': 65, 'type': 'artist', 'uri': 'spotify:artist:3iOvXCl6edW5Um0fXEBRXy'}",The xx,65,"['downtempo', 'dream pop', 'indietronica']",Coexist,0
31,spotify:track:7DImv0qWPEiAYUPJ0yKuDd,Sunset,2012-09-10,"{'external_urls': {'spotify': 'https://open.spotify.com/artist/3iOvXCl6edW5Um0fXEBRXy'}, 'followers': {'href': None, 'total': 3812707}, 'genres': ['downtempo', 'dream pop', 'indietronica'], 'href': 'https://api.spotify.com/v1/artists/3iOvXCl6edW5Um0fXEBRXy', 'id': '3iOvXCl6edW5Um0fXEBRXy', 'images': [{'height': 640, 'url': 'https://i.scdn.co/image/ab6761610000e5eb193bce41687d1869f8c7593f', 'width': 640}, {'height': 320, 'url': 'https://i.scdn.co/image/ab67616100005174193bce41687d1869f8c7593f', 'width': 320}, {'height': 160, 'url': 'https://i.scdn.co/image/ab6761610000f178193bce41687d1869f8c7593f', 'width': 160}], 'name': 'The xx', 'popularity': 65, 'type': 'artist', 'uri': 'spotify:artist:3iOvXCl6edW5Um0fXEBRXy'}",The xx,65,"['downtempo', 'dream pop', 'indietronica']",Coexist,0
32,spotify:track:54E6UXGKGnsXnAGHb4eNf7,Promise,2010-03-02,"{'external_urls': {'spotify': 'https://open.spotify.com/artist/6NrkINd80slV25wkBu9mEB'}, 'followers': {'href': None, 'total': 278842}, 'genres': ['chillwave', 'dream pop', 'dreamo', 'indie pop', 'indie rock', 'indie surf', 'modern dream pop', 'nu gaze', 'shoegaze'], 'href': 'https://api.spotify.com/v1/artists/6NrkINd80slV25wkBu9mEB', 'id': '6NrkINd80slV25wkBu9mEB', 'images': [{'height': 640, 'url': 'https://i.scdn.co/image/ab6761610000e5eb1843e2b99b33e6af89dd1a77', 'width': 640}, {'height': 320, 'url': 'https://i.scdn.co/image/ab676161000051741843e2b99b33e6af89dd1a77', 'width': 320}, {'height': 160, 'url': 'https://i.scdn.co/image/ab6761610000f1781843e2b99b33e6af89dd1a77', 'width': 160}], 'name': 'Wild Nothing', 'popularity': 47, 'type': 'artist', 'uri': 'spotify:artist:6NrkINd80slV25wkBu9mEB'}",Wild Nothing,47,"['chillwave', 'dream pop', 'dreamo', 'indie pop', 'indie rock', 'indie surf', 'modern dream pop', 'nu gaze', 'shoegaze']",Cloudbusting,0
33,spotify:track:7fRsp4o85itzTC7lACxMk6,Cloudbusting,2010-03-02,"{'external_urls': {'spotify': 'https://open.spotify.com/artist/6NrkINd80slV25wkBu9mEB'}, 'followers': {'href': None, 'total': 278842}, 'genres': ['chillwave', 'dream pop', 'dreamo', 'indie pop', 'indie rock', 'indie surf', 'modern dream pop', 'nu gaze', 'shoegaze'], 'href': 'https://api.spotify.com/v1/artists/6NrkINd80slV25wkBu9mEB', 'id': '6NrkINd80slV25wkBu9mEB', 'images': [{'height': 640, 'url': 'https://i.scdn.co/image/ab6761610000e5eb1843e2b99b33e6af89dd1a77', 'width': 640}, {'height': 320, 'url': 'https://i.scdn.co/image/ab676161000051741843e2b99b33e6af89dd1a77', 'width': 320}, {'height': 160, 'url': 'https://i.scdn.co/image/ab6761610000f1781843e2b99b33e6af89dd1a77', 'width': 160}], 'name': 'Wild Nothing', 'popularity': 47, 'type': 'artist', 'uri': 'spotify:artist:6NrkINd80slV25wkBu9mEB'}",Wild Nothing,47,"['chillwave', 'dream pop', 'dreamo', 'indie pop', 'indie rock', 'indie surf', 'modern dream pop', 'nu gaze', 'shoegaze']",Cloudbusting,0
34,spotify:track:51apreLUvUh25V0GMXT6ng,The Fun Powder Plot,2009-08-02,"{'external_urls': {'spotify': 'https://open.spotify.com/artist/4zrFO6P7G6EZry0pfxMfKT'}, 'followers': {'href': None, 'total': 117333}, 'genres': ['alternative dance', 'art pop', 'chamber psych', 'dream pop', 'electronica', 'indie rock', 'leeds indie', 'modern rock', 'new rave'], 'href': 'https://api.spotify.com/v1/artists/4zrFO6P7G6EZry0pfxMfKT', 'id': '4zrFO6P7G6EZry0pfxMfKT', 'images': [{'height': 640, 'url': 'https://i.scdn.co/image/ab6761610000e5eb87607b826497b1e83c1a4c87', 'width': 640}, {'height': 320, 'url': 'https://i.scdn.co/image/ab6761610000517487607b826497b1e83c1a4c87', 'width': 320}, {'height': 160, 'url': 'https://i.scdn.co/image/ab6761610000f17887607b826497b1e83c1a4c87', 'width': 160}], 'name': 'Wild Beasts', 'popularity': 41, 'type': 'artist', 'uri': 'spotify:artist:4zrFO6P7G6EZry0pfxMfKT'}",Wild Beasts,41,"['alternative dance', 'art pop', 'chamber psych', 'dream pop', 'electronica', 'indie rock', 'leeds indie', 'modern rock', 'new rave']",Two Dancers,28
35,spotify:track:4Lj7707ep6D4JFT1ZmViZY,In to Trouble,2021-01-08,"{'external_urls': {'spotify': 'https://open.spotify.com/artist/3R3YH5H0CUCGMxPkV7rK6i'}, 'followers': {'href': None, 'total': 244}, 'genres': [], 'href': 'https://api.spotify.com/v1/artists/3R3YH5H0CUCGMxPkV7rK6i', 'id': '3R3YH5H0CUCGMxPkV7rK6i', 'images': [{'height': 640, 'url': 'https://i.scdn.co/image/ab67616d0000b273519380504915a860430d442d', 'width': 640}, {'height': 300, 'url': 'https://i.scdn.co/image/ab67616d00001e02519380504915a860430d442d', 'width': 300}, {'height': 64, 'url': 'https://i.scdn.co/image/ab67616d00004851519380504915a860430d442d', 'width': 64}], 'name': 'Tim Kingsbury', 'popularity': 15, 'type': 'artist', 'uri': 'spotify:artist:3R3YH5H0CUCGMxPkV7rK6i'}",Tim Kingsbury,15,[],In to Trouble,32
36,spotify:track:2NxdbOcKvli3WX7aZtz7Tf,Today Dear,2016-09-23,"{'external_urls': {'spotify': 'https://open.spotify.com/artist/3AmgGrYHXqgbmZ2yKoIVzO'}, 'followers': {'href': None, 'total': 454582}, 'genres': ['alternative dance', 'art pop', 'chamber psych', 'chillwave', 'dream pop', 'electronica', 'indie rock', 'la indie', 'modern alternative rock', 'modern dream pop', 'modern rock', 'new rave'], 'href': 'https://api.spotify.com/v1/artists/3AmgGrYHXqgbmZ2yKoIVzO', 'id': '3AmgGrYHXqgbmZ2yKoIVzO', 'images': [{'height': 640, 'url': 'https://i.scdn.co/image/ab6761610000e5ebe77454f5f02b5c3b45c1936a', 'width': 640}, {'height': 320, 'url': 'https://i.scdn.co/image/ab67616100005174e77454f5f02b5c3b45c1936a', 'width': 320}, {'height': 160, 'url': 'https://i.scdn.co/image/ab6761610000f178e77454f5f02b5c3b45c1936a', 'width': 160}], 'name': 'Warpaint', 'popularity': 52, 'type': 'artist', 'uri': 'spotify:artist:3AmgGrYHXqgbmZ2yKoIVzO'}",Warpaint,52,"['alternative dance', 'art pop', 'chamber psych', 'chillwave', 'dream pop', 'electronica', 'indie rock', 'la indie', 'modern alternative rock', 'modern dream pop', 'modern rock', 'new rave']",Heads Up,0
37,spotify:track:2l9HDZnaCCaPxhL4fPWScK,Wonderful Life,2011-11-28,"{'external_urls': {'spotify': 'https://open.spotify.com/artist/7adu8fQmtoTq8O8BXQIq9L'}, 'followers': {'href': None, 'total': 29682}, 'genres': [], 'href': 'https://api.spotify.com/v1/artists/7adu8fQmtoTq8O8BXQIq9L', 'id': '7adu8fQmtoTq8O8BXQIq9L', 'images': [{'height': 640, 'url': 'https://i.scdn.co/image/ab6761610000e5eb044c7fd6b007f9d07236915d', 'width': 640}, {'height': 320, 'url': 'https://i.scdn.co/image/ab67616100005174044c7fd6b007f9d07236915d', 'width': 320}, {'height': 160, 'url': 'https://i.scdn.co/image/ab6761610000f178044c7fd6b007f9d07236915d', 'width': 160}], 'name': 'Smith & Burrows', 'popularity': 36, 'type': 'artist', 'uri': 'spotify:artist:7adu8fQmtoTq8O8BXQIq9L'}",Smith & Burrows,36,[],Funny Looking Angels,50
38,spotify:track:65lu5ezyVeWJmgUp0pjeGV,I Am Easy To Find,2019-05-17,"{'external_urls': {'spotify': 'https://open.spotify.com/artist/2cCUtGK9sDU2EoElnk0GNB'}, 'followers': {'href': None, 'total': 1406002}, 'genres': ['indie rock', 'modern rock'], 'href': 'https://api.spotify.com/v1/artists/2cCUtGK9sDU2EoElnk0GNB', 'id': '2cCUtGK9sDU2EoElnk0GNB', 'images': [{'height': 640, 'url': 'https://i.scdn.co/image/ab6761610000e5ebeb6f09d5c9727e9cde277574', 'width': 640}, {'height': 320, 'url': 'https://i.scdn.co/image/ab67616100005174eb6f09d5c9727e9cde277574', 'width': 320}, {'height': 160, 'url': 'https://i.scdn.co/image/ab6761610000f178eb6f09d5c9727e9cde277574', 'width': 160}], 'name': 'The National', 'popularity': 66, 'type': 'artist', 'uri': 'spotify:artist:2cCUtGK9sDU2EoElnk0GNB'}",The National,66,"['indie rock', 'modern rock']",I Am Easy to Find,0
39,spotify:track:1QWDJMmEcR2cYrFENBZkLS,Light Years,2019-05-17,"{'external_urls': {'spotify': 'https://open.spotify.com/artist/2cCUtGK9sDU2EoElnk0GNB'}, 'followers': {'href': None, 'total': 1406002}, 'genres': ['indie rock', 'modern rock'], 'href': 'https://api.spotify.com/v1/artists/2cCUtGK9sDU2EoElnk0GNB', 'id': '2cCUtGK9sDU2EoElnk0GNB', 'images': [{'height': 640, 'url': 'https://i.scdn.co/image/ab6761610000e5ebeb6f09d5c9727e9cde277574', 'width': 640}, {'height': 320, 'url': 'https://i.scdn.co/image/ab67616100005174eb6f09d5c9727e9cde277574', 'width': 320}, {'height': 160, 'url': 'https://i.scdn.co/image/ab6761610000f178eb6f09d5c9727e9cde277574', 'width': 160}], 'name': 'The National', 'popularity': 66, 'type': 'artist', 'uri': 'spotify:artist:2cCUtGK9sDU2EoElnk0GNB'}",The National,66,"['indie rock', 'modern rock']",I Am Easy to Find,0
40,spotify:track:08lw5DWQ6hGjG1H2K5tWCB,Twenty Miles to NH (Part 2),2011-11-01,"{'external_urls': {'spotify': 'https://open.spotify.com/artist/2cCUtGK9sDU2EoElnk0GNB'}, 'followers': {'href': None, 'total': 1406002}, 'genres': ['indie rock', 'modern rock'], 'href': 'https://api.spotify.com/v1/artists/2cCUtGK9sDU2EoElnk0GNB', 'id': '2cCUtGK9sDU2EoElnk0GNB', 'images': [{'height': 640, 'url': 'https://i.scdn.co/image/ab6761610000e5ebeb6f09d5c9727e9cde277574', 'width': 640}, {'height': 320, 'url': 'https://i.scdn.co/image/ab67616100005174eb6f09d5c9727e9cde277574', 'width': 320}, {'height': 160, 'url': 'https://i.scdn.co/image/ab6761610000f178eb6f09d5c9727e9cde277574', 'width': 160}], 'name': 'The National', 'popularity': 66, 'type': 'artist', 'uri': 'spotify:artist:2cCUtGK9sDU2EoElnk0GNB'}",The National,66,"['indie rock', 'modern rock']",If a Lot of Bands Play in the Woods (Original Album and Covers/Remix Album),19
41,spotify:track:051rnjzhEahdmB5qS5Mc0F,Roman Holiday,2019-05-17,"{'external_urls': {'spotify': 'https://open.spotify.com/artist/2cCUtGK9sDU2EoElnk0GNB'}, 'followers': {'href': None, 'total': 1406002}, 'genres': ['indie rock', 'modern rock'], 'href': 'https://api.spotify.com/v1/artists/2cCUtGK9sDU2EoElnk0GNB', 'id': '2cCUtGK9sDU2EoElnk0GNB', 'images': [{'height': 640, 'url': 'https://i.scdn.co/image/ab6761610000e5ebeb6f09d5c9727e9cde277574', 'width': 640}, {'height': 320, 'url': 'https://i.scdn.co/image/ab67616100005174eb6f09d5c9727e9cde277574', 'width': 320}, {'height': 160, 'url': 'https://i.scdn.co/image/ab6761610000f178eb6f09d5c9727e9cde277574', 'width': 160}], 'name': 'The National', 'popularity': 66, 'type': 'artist', 'uri': 'spotify:artist:2cCUtGK9sDU2EoElnk0GNB'}",The National,66,"['indie rock', 'modern rock']",I Am Easy to Find,0
42,spotify:track:0Q92W84plffLlDY1tGJpio,Quiet Light,2019-05-17,"{'external_urls': {'spotify': 'https://open.spotify.com/artist/2cCUtGK9sDU2EoElnk0GNB'}, 'followers': {'href': None, 'total': 1406002}, 'genres': ['indie rock', 'modern rock'], 'href': 'https://api.spotify.com/v1/artists/2cCUtGK9sDU2EoElnk0GNB', 'id': '2cCUtGK9sDU2EoElnk0GNB', 'images': [{'height': 640, 'url': 'https://i.scdn.co/image/ab6761610000e5ebeb6f09d5c9727e9cde277574', 'width': 640}, {'height': 320, 'url': 'https://i.scdn.co/image/ab67616100005174eb6f09d5c9727e9cde277574', 'width': 320}, {'height': 160, 'url': 'https://i.scdn.co/image/ab6761610000f178eb6f09d5c9727e9cde277574', 'width': 160}], 'name': 'The National', 'popularity': 66, 'type': 'artist', 'uri': 'spotify:artist:2cCUtGK9sDU2EoElnk0GNB'}",The National,66,"['indie rock', 'modern rock']",I Am Easy to Find,0
43,spotify:track:6qdTFvp8MBJTpP0Pwzuub1,Wasp Nest - 2021 Remaster,2004-07-19,"{'external_urls': {'spotify': 'https://open.spotify.com/artist/2cCUtGK9sDU2EoElnk0GNB'}, 'followers': {'href': None, 'total': 1406002}, 'genres': ['indie rock', 'modern rock'], 'href': 'https://api.spotify.com/v1/artists/2cCUtGK9sDU2EoElnk0GNB', 'id': '2cCUtGK9sDU2EoElnk0GNB', 'images': [{'height': 640, 'url': 'https://i.scdn.co/image/ab6761610000e5ebeb6f09d5c9727e9cde277574', 'width': 640}, {'height': 320, 'url': 'https://i.scdn.co/image/ab67616100005174eb6f09d5c9727e9cde277574', 'width': 320}, {'height': 160, 'url': 'https://i.scdn.co/image/ab6761610000f178eb6f09d5c9727e9cde277574', 'width': 160}], 'name': 'The National', 'popularity': 66, 'type': 'artist', 'uri': 'spotify:artist:2cCUtGK9sDU2EoElnk0GNB'}",The National,66,"['indie rock', 'modern rock']",Cherry Tree (2021 Remaster),30
44,spotify:track:0EI0bOj38coiFWWAq0XlhF,Green Gloves,2007-05-21,"{'external_urls': {'spotify': 'https://open.spotify.com/artist/2cCUtGK9sDU2EoElnk0GNB'}, 'followers': {'href': None, 'total': 1406002}, 'genres': ['indie rock', 'modern rock'], 'href': 'https://api.spotify.com/v1/artists/2cCUtGK9sDU2EoElnk0GNB', 'id': '2cCUtGK9sDU2EoElnk0GNB', 'images': [{'height': 640, 'url': 'https://i.scdn.co/image/ab6761610000e5ebeb6f09d5c9727e9cde277574', 'width': 640}, {'height': 320, 'url': 'https://i.scdn.co/image/ab67616100005174eb6f09d5c9727e9cde277574', 'width': 320}, {'height': 160, 'url': 'https://i.scdn.co/image/ab6761610000f178eb6f09d5c9727e9cde277574', 'width': 160}], 'name': 'The National', 'popularity': 66, 'type': 'artist', 'uri': 'spotify:artist:2cCUtGK9sDU2EoElnk0GNB'}",The National,66,"['indie rock', 'modern rock']",Boxer,0
45,spotify:track:7mYif4F2pfjQEDIssH2rfl,Serpentine Prison,2020-05-20,"{'external_urls': {'spotify': 'https://open.spotify.com/artist/27jRNjIvlUcGN7FBRDnqhp'}, 'followers': {'href': None, 'total': 73771}, 'genres': ['indie rock'], 'href': 'https://api.spotify.com/v1/artists/27jRNjIvlUcGN7FBRDnqhp', 'id': '27jRNjIvlUcGN7FBRDnqhp', 'images': [{'height': 640, 'url': 'https://i.scdn.co/image/ab6761610000e5ebdf796c4a5ad87ff40b45cf8a', 'width': 640}, {'height': 320, 'url': 'https://i.scdn.co/image/ab67616100005174df796c4a5ad87ff40b45cf8a', 'width': 320}, {'height': 160, 'url': 'https://i.scdn.co/image/ab6761610000f178df796c4a5ad87ff40b45cf8a', 'width': 160}], 'name': 'Matt Berninger', 'popularity': 48, 'type': 'artist', 'uri': 'spotify:artist:27jRNjIvlUcGN7FBRDnqhp'}",Matt Berninger,48,['indie rock'],Serpentine Prison,33
46,spotify:track:3Y8g6cIlgwOeIcXL9uP1ox,Propagation,2012-04-30,"{'external_urls': {'spotify': 'https://open.spotify.com/artist/5uTJLo3c4ZHpH8oEwGxYUN'}, 'followers': {'href': None, 'total': 76218}, 'genres': ['art pop', 'baltimore indie', 'chillwave', 'dream pop', 'indie rock', 'nu gaze', 'transpop'], 'href': 'https://api.spotify.com/v1/artists/5uTJLo3c4ZHpH8oEwGxYUN', 'id': '5uTJLo3c4ZHpH8oEwGxYUN', 'images': [{'height': 640, 'url': 'https://i.scdn.co/image/ab6761610000e5eb715300db2b71cb0bd7499315', 'width': 640}, {'height': 320, 'url': 'https://i.scdn.co/image/ab67616100005174715300db2b71cb0bd7499315', 'width': 320}, {'height': 160, 'url': 'https://i.scdn.co/image/ab6761610000f178715300db2b71cb0bd7499315', 'width': 160}], 'name': 'Lower Dens', 'popularity': 36, 'type': 'artist', 'uri': 'spotify:artist:5uTJLo3c4ZHpH8oEwGxYUN'}",Lower Dens,36,"['art pop', 'baltimore indie', 'chillwave', 'dream pop', 'indie rock', 'nu gaze', 'transpop']",Nootropics,10
47,spotify:track:5uvZfljDbA41GhWbD3G89Z,Colombia,2013-01-25,"{'external_urls': {'spotify': 'https://open.spotify.com/artist/75dQReiBOHN37fQgWQrIAJ'}, 'followers': {'href': None, 'total': 610335}, 'genres': ['indie folk', 'indie pop', 'indie rock', 'la indie', 'modern rock', 'stomp and holler'], 'href': 'https://api.spotify.com/v1/artists/75dQReiBOHN37fQgWQrIAJ', 'id': '75dQReiBOHN37fQgWQrIAJ', 'images': [{'height': 640, 'url': 'https://i.scdn.co/image/ab6761610000e5ebc1625acb53f95c84cad7aae3', 'width': 640}, {'height': 320, 'url': 'https://i.scdn.co/image/ab67616100005174c1625acb53f95c84cad7aae3', 'width': 320}, {'height': 160, 'url': 'https://i.scdn.co/image/ab6761610000f178c1625acb53f95c84cad7aae3', 'width': 160}], 'name': 'Local Natives', 'popularity': 59, 'type': 'artist', 'uri': 'spotify:artist:75dQReiBOHN37fQgWQrIAJ'}",Local Natives,59,"['indie folk', 'indie pop', 'indie rock', 'la indie', 'modern rock', 'stomp and holler']",Hummingbird,0
48,spotify:track:2mlGPkAx4kwF8Df0GlScsC,Buttercup,2017-03-25,"{'external_urls': {'spotify': 'https://open.spotify.com/artist/1vVHevk2PD45epYnDi9CCc'}, 'followers': {'href': None, 'total': 1357786}, 'genres': ['pittsburgh indie'], 'href': 'https://api.spotify.com/v1/artists/1vVHevk2PD45epYnDi9CCc', 'id': '1vVHevk2PD45epYnDi9CCc', 'images': [{'height': 640, 'url': 'https://i.scdn.co/image/ab67616d0000b273affdacd1466cdde505ab97ee', 'width': 640}, {'height': 300, 'url': 'https://i.scdn.co/image/ab67616d00001e02f65bfa6478ec5f1895d37d8f', 'width': 300}, {'height': 64, 'url': 'https://i.scdn.co/image/ab67616d00004851affdacd1466cdde505ab97ee', 'width': 64}], 'name': 'Jack Stauber', 'popularity': 62, 'type': 'artist', 'uri': 'spotify:artist:1vVHevk2PD45epYnDi9CCc'}",Jack Stauber,62,['pittsburgh indie'],Pop Food,72
49,spotify:track:5oDNfTnNClOyD40Nu6iFQG,Royan,2018-03-16,"{'external_urls': {'spotify': 'https://open.spotify.com/artist/1mHTS3stAYCszPZ2PRa8QU'}, 'followers': {'href': None, 'total': 27818}, 'genres': ['french indie pop', 'french indietronica', 'french psychedelic'], 'href': 'https://api.spotify.com/v1/artists/1mHTS3stAYCszPZ2PRa8QU', 'id': '1mHTS3stAYCszPZ2PRa8QU', 'images': [{'height': 640, 'url': 'https://i.scdn.co/image/ab6761610000e5ebea48c1930fe7f76ed6c93fcb', 'width': 640}, {'height': 320, 'url': 'https://i.scdn.co/image/ab67616100005174ea48c1930fe7f76ed6c93fcb', 'width': 320}, {'height': 160, 'url': 'https://i.scdn.co/image/ab6761610000f178ea48c1930fe7f76ed6c93fcb', 'width': 160}], 'name': 'Frànçois & The Atlas Mountains', 'popularity': 35, 'type': 'artist', 'uri': 'spotify:artist:1mHTS3stAYCszPZ2PRa8QU'}",Frànçois & The Atlas Mountains,35,"['french indie pop', 'french indietronica', 'french psychedelic']",Royan,34
50,spotify:track:0i8nJx8tsHfRMGHDvNmNXM,For the Time Being,2019-12-13,"{'external_urls': {'spotify': 'https://open.spotify.com/artist/12AnGvqOxseM5VJLyO5yBs'}, 'followers': {'href': None, 'total': 146477}, 'genres': ['alternative dance', 'bergen indie', 'electronica'], 'href': 'https://api.spotify.com/v1/artists/12AnGvqOxseM5VJLyO5yBs', 'id': '12AnGvqOxseM5VJLyO5yBs', 'images': [{'height': 640, 'url': 'https://i.scdn.co/image/ab6761610000e5ebaedb7322d0cbdff50957fbf9', 'width': 640}, {'height': 320, 'url': 'https://i.scdn.co/image/ab67616100005174aedb7322d0cbdff50957fbf9', 'width': 320}, {'height': 160, 'url': 'https://i.scdn.co/image/ab6761610000f178aedb7322d0cbdff50957fbf9', 'width': 160}], 'name': 'Erlend Øye', 'popularity': 47, 'type': 'artist', 'uri': 'spotify:artist:12AnGvqOxseM5VJLyO5yBs'}",Erlend Øye,47,"['alternative dance', 'bergen indie', 'electronica']",For the Time Being,45
51,spotify:track:65O6zPSisPj2AvAjaY4Bfg,Healthy Moon,2016-02-05,"{'external_urls': {'spotify': 'https://open.spotify.com/artist/4OrizGCKhOrW6iDDJHN9xd'}, 'followers': {'href': None, 'total': 314345}, 'genres': ['brooklyn indie', 'chillwave', 'dream pop', 'dreamo', 'indie rock', 'indie surf', 'modern alternative rock', 'modern dream pop', 'modern rock', 'neo-psychedelic', 'nu gaze', 'shoegaze'], 'href': 'https://api.spotify.com/v1/artists/4OrizGCKhOrW6iDDJHN9xd', 'id': '4OrizGCKhOrW6iDDJHN9xd', 'images': [{'height': 640, 'url': 'https://i.scdn.co/image/ab6761610000e5eb2d8c6997462537503b40693b', 'width': 640}, {'height': 320, 'url': 'https://i.scdn.co/image/ab676161000051742d8c6997462537503b40693b', 'width': 320}, {'height': 160, 'url': 'https://i.scdn.co/image/ab6761610000f1782d8c6997462537503b40693b', 'width': 160}], 'name': 'DIIV', 'popularity': 50, 'type': 'artist', 'uri': 'spotify:artist:4OrizGCKhOrW6iDDJHN9xd'}",DIIV,50,"['brooklyn indie', 'chillwave', 'dream pop', 'dreamo', 'indie rock', 'indie surf', 'modern alternative rock', 'modern dream pop', 'modern rock', 'neo-psychedelic', 'nu gaze', 'shoegaze']",Is the Is Are,0
52,spotify:track:5Gu09NwvVEBJ2xa3hHrLWq,Heavenly,2019-10-25,"{'external_urls': {'spotify': 'https://open.spotify.com/artist/1QAJqy2dA3ihHBFIHRphZj'}, 'followers': {'href': None, 'total': 4752023}, 'genres': ['ambient pop', 'dream pop', 'el paso indie', 'shoegaze'], 'href': 'https://api.spotify.com/v1/artists/1QAJqy2dA3ihHBFIHRphZj', 'id': '1QAJqy2dA3ihHBFIHRphZj', 'images': [{'height': 640, 'url': 'https://i.scdn.co/image/ab6761610000e5eb184c693111b41bc7f101ce8a', 'width': 640}, {'height': 320, 'url': 'https://i.scdn.co/image/ab67616100005174184c693111b41bc7f101ce8a', 'width': 320}, {'height': 160, 'url': 'https://i.scdn.co/image/ab6761610000f178184c693111b41bc7f101ce8a', 'width': 160}], 'name': 'Cigarettes After Sex', 'popularity': 80, 'type': 'artist', 'uri': 'spotify:artist:1QAJqy2dA3ihHBFIHRphZj'}",Cigarettes After Sex,80,"['ambient pop', 'dream pop', 'el paso indie', 'shoegaze']",Cry,0
53,spotify:track:02u3QPmnizDzeVNILOTuTq,Kreuzberg,2007,"{'external_urls': {'spotify': 'https://open.spotify.com/artist/3MM8mtgFzaEJsqbjZBSsHJ'}, 'followers': {'href': None, 'total': 1034958}, 'genres': ['alternative dance', 'indie rock', 'modern rock', 'new rave', 'rock'], 'href': 'https://api.spotify.com/v1/artists/3MM8mtgFzaEJsqbjZBSsHJ', 'id': '3MM8mtgFzaEJsqbjZBSsHJ', 'images': [{'height': 640, 'url': 'https://i.scdn.co/image/ab6761610000e5ebaedaa06a45e223f66a686556', 'width': 640}, {'height': 320, 'url': 'https://i.scdn.co/image/ab67616100005174aedaa06a45e223f66a686556', 'width': 320}, {'height': 160, 'url': 'https://i.scdn.co/image/ab6761610000f178aedaa06a45e223f66a686556', 'width': 160}], 'name': 'Bloc Party', 'popularity': 60, 'type': 'artist', 'uri': 'spotify:artist:3MM8mtgFzaEJsqbjZBSsHJ'}",Bloc Party,60,"['alternative dance', 'indie rock', 'modern rock', 'new rave', 'rock']",A Weekend In the City,0
54,spotify:track:3Bz9WwW6dBFy4bSUaQVR60,Yam Yam,2017-11-17,"{'external_urls': {'spotify': 'https://open.spotify.com/artist/32zeX1IoVKAGWMyy1isKUq'}, 'followers': {'href': None, 'total': 357940}, 'genres': ['indie garage rock', 'indie pop', 'indie surf'], 'href': 'https://api.spotify.com/v1/artists/32zeX1IoVKAGWMyy1isKUq', 'id': '32zeX1IoVKAGWMyy1isKUq', 'images': [{'height': 640, 'url': 'https://i.scdn.co/image/ab6761610000e5ebeaac42eac6aebb8cdd0c39ec', 'width': 640}, {'height': 320, 'url': 'https://i.scdn.co/image/ab67616100005174eaac42eac6aebb8cdd0c39ec', 'width': 320}, {'height': 160, 'url': 'https://i.scdn.co/image/ab6761610000f178eaac42eac6aebb8cdd0c39ec', 'width': 160}], 'name': 'No Vacation', 'popularity': 57, 'type': 'artist', 'uri': 'spotify:artist:32zeX1IoVKAGWMyy1isKUq'}",No Vacation,57,"['indie garage rock', 'indie pop', 'indie surf']",Intermission,30
55,spotify:track:2UBI3dlpi3ltnYntiE2KOk,Reaper,2017-11-17,"{'external_urls': {'spotify': 'https://open.spotify.com/artist/32zeX1IoVKAGWMyy1isKUq'}, 'followers': {'href': None, 'total': 357940}, 'genres': ['indie garage rock', 'indie pop', 'indie surf'], 'href': 'https://api.spotify.com/v1/artists/32zeX1IoVKAGWMyy1isKUq', 'id': '32zeX1IoVKAGWMyy1isKUq', 'images': [{'height': 640, 'url': 'https://i.scdn.co/image/ab6761610000e5ebeaac42eac6aebb8cdd0c39ec', 'width': 640}, {'height': 320, 'url': 'https://i.scdn.co/image/ab67616100005174eaac42eac6aebb8cdd0c39ec', 'width': 320}, {'height': 160, 'url': 'https://i.scdn.co/image/ab6761610000f178eaac42eac6aebb8cdd0c39ec', 'width': 160}], 'name': 'No Vacation', 'popularity': 57, 'type': 'artist', 'uri': 'spotify:artist:32zeX1IoVKAGWMyy1isKUq'}",No Vacation,57,"['indie garage rock', 'indie pop', 'indie surf']",Intermission,53
56,spotify:track:3n3ZEnjNAHTMoRvhoSx1gx,Mind Fields,2017-11-17,"{'external_urls': {'spotify': 'https://open.spotify.com/artist/32zeX1IoVKAGWMyy1isKUq'}, 'followers': {'href': None, 'total': 357940}, 'genres': ['indie garage rock', 'indie pop', 'indie surf'], 'href': 'https://api.spotify.com/v1/artists/32zeX1IoVKAGWMyy1isKUq', 'id': '32zeX1IoVKAGWMyy1isKUq', 'images': [{'height': 640, 'url': 'https://i.scdn.co/image/ab6761610000e5ebeaac42eac6aebb8cdd0c39ec', 'width': 640}, {'height': 320, 'url': 'https://i.scdn.co/image/ab67616100005174eaac42eac6aebb8cdd0c39ec', 'width': 320}, {'height': 160, 'url': 'https://i.scdn.co/image/ab6761610000f178eaac42eac6aebb8cdd0c39ec', 'width': 160}], 'name': 'No Vacation', 'popularity': 57, 'type': 'artist', 'uri': 'spotify:artist:32zeX1IoVKAGWMyy1isKUq'}",No Vacation,57,"['indie garage rock', 'indie pop', 'indie surf']",Intermission,31
57,spotify:track:7pD6katrwWH7H3Xt8cIZS9,Lemon Glow,2018-05-11,"{'external_urls': {'spotify': 'https://open.spotify.com/artist/56ZTgzPBDge0OvCGgMO3OY'}, 'followers': {'href': None, 'total': 1608926}, 'genres': ['baltimore indie', 'dream pop', 'dreamo', 'modern dream pop'], 'href': 'https://api.spotify.com/v1/artists/56ZTgzPBDge0OvCGgMO3OY', 'id': '56ZTgzPBDge0OvCGgMO3OY', 'images': [{'height': 640, 'url': 'https://i.scdn.co/image/ab6761610000e5ebb3e38a46a56a423d8f741c09', 'width': 640}, {'height': 320, 'url': 'https://i.scdn.co/image/ab67616100005174b3e38a46a56a423d8f741c09', 'width': 320}, {'height': 160, 'url': 'https://i.scdn.co/image/ab6761610000f178b3e38a46a56a423d8f741c09', 'width': 160}], 'name': 'Beach House', 'popularity': 71, 'type': 'artist', 'uri': 'spotify:artist:56ZTgzPBDge0OvCGgMO3OY'}",Beach House,71,"['baltimore indie', 'dream pop', 'dreamo', 'modern dream pop']",7,0
58,spotify:track:3stWWPN41byqp8loPdy92u,Master of None,2006-10-03,"{'external_urls': {'spotify': 'https://open.spotify.com/artist/56ZTgzPBDge0OvCGgMO3OY'}, 'followers': {'href': None, 'total': 1608926}, 'genres': ['baltimore indie', 'dream pop', 'dreamo', 'modern dream pop'], 'href': 'https://api.spotify.com/v1/artists/56ZTgzPBDge0OvCGgMO3OY', 'id': '56ZTgzPBDge0OvCGgMO3OY', 'images': [{'height': 640, 'url': 'https://i.scdn.co/image/ab6761610000e5ebb3e38a46a56a423d8f741c09', 'width': 640}, {'height': 320, 'url': 'https://i.scdn.co/image/ab67616100005174b3e38a46a56a423d8f741c09', 'width': 320}, {'height': 160, 'url': 'https://i.scdn.co/image/ab6761610000f178b3e38a46a56a423d8f741c09', 'width': 160}], 'name': 'Beach House', 'popularity': 71, 'type': 'artist', 'uri': 'spotify:artist:56ZTgzPBDge0OvCGgMO3OY'}",Beach House,71,"['baltimore indie', 'dream pop', 'dreamo', 'modern dream pop']",Beach House,60
59,spotify:track:6AvF9jXnTSFwg8EhcO2qkA,Rough Song,2015-10-16,"{'external_urls': {'spotify': 'https://open.spotify.com/artist/56ZTgzPBDge0OvCGgMO3OY'}, 'followers': {'href': None, 'total': 1608926}, 'genres': ['baltimore indie', 'dream pop', 'dreamo', 'modern dream pop'], 'href': 'https://api.spotify.com/v1/artists/56ZTgzPBDge0OvCGgMO3OY', 'id': '56ZTgzPBDge0OvCGgMO3OY', 'images': [{'height': 640, 'url': 'https://i.scdn.co/image/ab6761610000e5ebb3e38a46a56a423d8f741c09', 'width': 640}, {'height': 320, 'url': 'https://i.scdn.co/image/ab67616100005174b3e38a46a56a423d8f741c09', 'width': 320}, {'height': 160, 'url': 'https://i.scdn.co/image/ab6761610000f178b3e38a46a56a423d8f741c09', 'width': 160}], 'name': 'Beach House', 'popularity': 71, 'type': 'artist', 'uri': 'spotify:artist:56ZTgzPBDge0OvCGgMO3OY'}",Beach House,71,"['baltimore indie', 'dream pop', 'dreamo', 'modern dream pop']",Thank Your Lucky Stars,0
60,spotify:track:7H4AhGitjSmRZxKMaeH9wX,Sleep Apnea,2013-02-19,"{'external_urls': {'spotify': 'https://open.spotify.com/artist/1bwUhKRmEkOZ1wuTnV9XjC'}, 'followers': {'href': None, 'total': 470906}, 'genres': ['brooklyn indie', 'chillwave', 'dream pop', 'dreamo', 'indie garage rock', 'indie rock', 'indie surf', 'popgaze', 'shoegaze'], 'href': 'https://api.spotify.com/v1/artists/1bwUhKRmEkOZ1wuTnV9XjC', 'id': '1bwUhKRmEkOZ1wuTnV9XjC', 'images': [{'height': 640, 'url': 'https://i.scdn.co/image/ab6761610000e5ebf03d553dda88c27c42f07a7b', 'width': 640}, {'height': 320, 'url': 'https://i.scdn.co/image/ab67616100005174f03d553dda88c27c42f07a7b', 'width': 320}, {'height': 160, 'url': 'https://i.scdn.co/image/ab6761610000f178f03d553dda88c27c42f07a7b', 'width': 160}], 'name': 'Beach Fossils', 'popularity': 57, 'type': 'artist', 'uri': 'spotify:artist:1bwUhKRmEkOZ1wuTnV9XjC'}",Beach Fossils,57,"['brooklyn indie', 'chillwave', 'dream pop', 'dreamo', 'indie garage rock', 'indie rock', 'indie surf', 'popgaze', 'shoegaze']",Clash The Truth,0
61,spotify:track:251lM96DbNbBzUrSuDcP6y,Adversity,2011-03-08,"{'external_urls': {'spotify': 'https://open.spotify.com/artist/1bwUhKRmEkOZ1wuTnV9XjC'}, 'followers': {'href': None, 'total': 470906}, 'genres': ['brooklyn indie', 'chillwave', 'dream pop', 'dreamo', 'indie garage rock', 'indie rock', 'indie surf', 'popgaze', 'shoegaze'], 'href': 'https://api.spotify.com/v1/artists/1bwUhKRmEkOZ1wuTnV9XjC', 'id': '1bwUhKRmEkOZ1wuTnV9XjC', 'images': [{'height': 640, 'url': 'https://i.scdn.co/image/ab6761610000e5ebf03d553dda88c27c42f07a7b', 'width': 640}, {'height': 320, 'url': 'https://i.scdn.co/image/ab67616100005174f03d553dda88c27c42f07a7b', 'width': 320}, {'height': 160, 'url': 'https://i.scdn.co/image/ab6761610000f178f03d553dda88c27c42f07a7b', 'width': 160}], 'name': 'Beach Fossils', 'popularity': 57, 'type': 'artist', 'uri': 'spotify:artist:1bwUhKRmEkOZ1wuTnV9XjC'}",Beach Fossils,57,"['brooklyn indie', 'chillwave', 'dream pop', 'dreamo', 'indie garage rock', 'indie rock', 'indie surf', 'popgaze', 'shoegaze']",What a Pleasure,0
62,spotify:track:4LRSIpUvaraKFoFeUalVlS,Feathers,2021-04-09,"{'external_urls': {'spotify': 'https://open.spotify.com/artist/4cNiCiyVjl5qDdJYqiuxxX'}, 'followers': {'href': None, 'total': 1263}, 'genres': [], 'href': 'https://api.spotify.com/v1/artists/4cNiCiyVjl5qDdJYqiuxxX', 'id': '4cNiCiyVjl5qDdJYqiuxxX', 'images': [{'height': 640, 'url': 'https://i.scdn.co/image/ab6761610000e5eb72a946c23cd73db336a8e7be', 'width': 640}, {'height': 320, 'url': 'https://i.scdn.co/image/ab6761610000517472a946c23cd73db336a8e7be', 'width': 320}, {'height': 160, 'url': 'https://i.scdn.co/image/ab6761610000f17872a946c23cd73db336a8e7be', 'width': 160}], 'name': 'Calundé', 'popularity': 29, 'type': 'artist', 'uri': 'spotify:artist:4cNiCiyVjl5qDdJYqiuxxX'}",Calundé,29,[],Feathers,9
63,spotify:track:0hoN0N7whS5DvjqZcbFUs7,Tall Saint - Demo,2008-05-19,"{'external_urls': {'spotify': 'https://open.spotify.com/artist/2cCUtGK9sDU2EoElnk0GNB'}, 'followers': {'href': None, 'total': 1406002}, 'genres': ['indie rock', 'modern rock'], 'href': 'https://api.spotify.com/v1/artists/2cCUtGK9sDU2EoElnk0GNB', 'id': '2cCUtGK9sDU2EoElnk0GNB', 'images': [{'height': 640, 'url': 'https://i.scdn.co/image/ab6761610000e5ebeb6f09d5c9727e9cde277574', 'width': 640}, {'height': 320, 'url': 'https://i.scdn.co/image/ab67616100005174eb6f09d5c9727e9cde277574', 'width': 320}, {'height': 160, 'url': 'https://i.scdn.co/image/ab6761610000f178eb6f09d5c9727e9cde277574', 'width': 160}], 'name': 'The National', 'popularity': 66, 'type': 'artist', 'uri': 'spotify:artist:2cCUtGK9sDU2EoElnk0GNB'}",The National,66,"['indie rock', 'modern rock']","A Skin, A Night + The Virginia EP",21
64,spotify:track:5i0kg0Q8tdAKvzFT4w3uEH,Something Changed,2022-04-12,"{'external_urls': {'spotify': 'https://open.spotify.com/artist/3WaJSfKnzc65VDgmj2zU8B'}, 'followers': {'href': None, 'total': 1443793}, 'genres': ['alternative rock', 'indie rock', 'modern rock', 'rock'], 'href': 'https://api.spotify.com/v1/artists/3WaJSfKnzc65VDgmj2zU8B', 'id': '3WaJSfKnzc65VDgmj2zU8B', 'images': [{'height': 640, 'url': 'https://i.scdn.co/image/ab6761610000e5eb120d51babe5e6770b00ac3c6', 'width': 640}, {'height': 320, 'url': 'https://i.scdn.co/image/ab67616100005174120d51babe5e6770b00ac3c6', 'width': 320}, {'height': 160, 'url': 'https://i.scdn.co/image/ab6761610000f178120d51babe5e6770b00ac3c6', 'width': 160}], 'name': 'Interpol', 'popularity': 64, 'type': 'artist', 'uri': 'spotify:artist:3WaJSfKnzc65VDgmj2zU8B'}",Interpol,64,"['alternative rock', 'indie rock', 'modern rock', 'rock']",Something Changed,37
65,spotify:track:4iVTSRiJAA18d3QglhyJ6Q,A Forest,1980-04-18,"{'external_urls': {'spotify': 'https://open.spotify.com/artist/7bu3H8JO7d0UbMoVzbo70s'}, 'followers': {'href': None, 'total': 3915110}, 'genres': ['new wave', 'permanent wave', 'rock', 'uk post-punk'], 'href': 'https://api.spotify.com/v1/artists/7bu3H8JO7d0UbMoVzbo70s', 'id': '7bu3H8JO7d0UbMoVzbo70s', 'images': [{'height': 640, 'url': 'https://i.scdn.co/image/7ca743e822b80133971ccf5c70fcbd77a4f4f508', 'width': 640}, {'height': 200, 'url': 'https://i.scdn.co/image/2cb2e14783685fd3d27006891aaaa35fc53cd82d', 'width': 200}, {'height': 64, 'url': 'https://i.scdn.co/image/9e1ed6613ac0ef103fbfca3c11ff35fec8d9c6b1', 'width': 64}], 'name': 'The Cure', 'popularity': 73, 'type': 'artist', 'uri': 'spotify:artist:7bu3H8JO7d0UbMoVzbo70s'}",The Cure,73,"['new wave', 'permanent wave', 'rock', 'uk post-punk']",Seventeen Seconds,63
66,spotify:track:3iv3ixnMLwalXJuxWXgX7S,A Man At the Frontier,2009-04-20,"{'external_urls': {'spotify': 'https://open.spotify.com/artist/431y11S99Psw8gjYnkcIjH'}, 'followers': {'href': None, 'total': 618}, 'genres': [], 'href': 'https://api.spotify.com/v1/artists/431y11S99Psw8gjYnkcIjH', 'id': '431y11S99Psw8gjYnkcIjH', 'images': [{'height': 640, 'url': 'https://i.scdn.co/image/ab67616d0000b273ea2106bb0e048ea05a14068a', 'width': 640}, {'height': 300, 'url': 'https://i.scdn.co/image/ab67616d00001e02ea2106bb0e048ea05a14068a', 'width': 300}, {'height': 64, 'url': 'https://i.scdn.co/image/ab67616d00004851ea2106bb0e048ea05a14068a', 'width': 64}], 'name': 'Marc Morvan', 'popularity': 11, 'type': 'artist', 'uri': 'spotify:artist:431y11S99Psw8gjYnkcIjH'}",Marc Morvan,11,[],Udolpho,27
67,spotify:track:2OfdoMnCxYAvLXHwUztdrl,About Today - Live,2008-05-19,"{'external_urls': {'spotify': 'https://open.spotify.com/artist/2cCUtGK9sDU2EoElnk0GNB'}, 'followers': {'href': None, 'total': 1406002}, 'genres': ['indie rock', 'modern rock'], 'href': 'https://api.spotify.com/v1/artists/2cCUtGK9sDU2EoElnk0GNB', 'id': '2cCUtGK9sDU2EoElnk0GNB', 'images': [{'height': 640, 'url': 'https://i.scdn.co/image/ab6761610000e5ebeb6f09d5c9727e9cde277574', 'width': 640}, {'height': 320, 'url': 'https://i.scdn.co/image/ab67616100005174eb6f09d5c9727e9cde277574', 'width': 320}, {'height': 160, 'url': 'https://i.scdn.co/image/ab6761610000f178eb6f09d5c9727e9cde277574', 'width': 160}], 'name': 'The National', 'popularity': 66, 'type': 'artist', 'uri': 'spotify:artist:2cCUtGK9sDU2EoElnk0GNB'}",The National,66,"['indie rock', 'modern rock']","A Skin, A Night + The Virginia EP",29
68,spotify:track:1L3FZqeMCMbrV0CGAM6nYW,You're Not with Me,2017-11-17,"{'external_urls': {'spotify': 'https://open.spotify.com/artist/32zeX1IoVKAGWMyy1isKUq'}, 'followers': {'href': None, 'total': 357940}, 'genres': ['indie garage rock', 'indie pop', 'indie surf'], 'href': 'https://api.spotify.com/v1/artists/32zeX1IoVKAGWMyy1isKUq', 'id': '32zeX1IoVKAGWMyy1isKUq', 'images': [{'height': 640, 'url': 'https://i.scdn.co/image/ab6761610000e5ebeaac42eac6aebb8cdd0c39ec', 'width': 640}, {'height': 320, 'url': 'https://i.scdn.co/image/ab67616100005174eaac42eac6aebb8cdd0c39ec', 'width': 320}, {'height': 160, 'url': 'https://i.scdn.co/image/ab6761610000f178eaac42eac6aebb8cdd0c39ec', 'width': 160}], 'name': 'No Vacation', 'popularity': 57, 'type': 'artist', 'uri': 'spotify:artist:32zeX1IoVKAGWMyy1isKUq'}",No Vacation,57,"['indie garage rock', 'indie pop', 'indie surf']",Intermission,57
69,spotify:track:4Isn9476YXari5iQhCjdzR,Paradise,2012-08-27,"{'external_urls': {'spotify': 'https://open.spotify.com/artist/6NrkINd80slV25wkBu9mEB'}, 'followers': {'href': None, 'total': 278842}, 'genres': ['chillwave', 'dream pop', 'dreamo', 'indie pop', 'indie rock', 'indie surf', 'modern dream pop', 'nu gaze', 'shoegaze'], 'href': 'https://api.spotify.com/v1/artists/6NrkINd80slV25wkBu9mEB', 'id': '6NrkINd80slV25wkBu9mEB', 'images': [{'height': 640, 'url': 'https://i.scdn.co/image/ab6761610000e5eb1843e2b99b33e6af89dd1a77', 'width': 640}, {'height': 320, 'url': 'https://i.scdn.co/image/ab676161000051741843e2b99b33e6af89dd1a77', 'width': 320}, {'height': 160, 'url': 'https://i.scdn.co/image/ab6761610000f1781843e2b99b33e6af89dd1a77', 'width': 160}], 'name': 'Wild Nothing', 'popularity': 47, 'type': 'artist', 'uri': 'spotify:artist:6NrkINd80slV25wkBu9mEB'}",Wild Nothing,47,"['chillwave', 'dream pop', 'dreamo', 'indie pop', 'indie rock', 'indie surf', 'modern dream pop', 'nu gaze', 'shoegaze']",Nocturne,38
70,spotify:track:4qgGCXRkLkPvYKSmrUEEZl,Bluebird - CCTV Sessions,2013-01-31,"{'external_urls': {'spotify': 'https://open.spotify.com/artist/6FQqZYVfTNQ1pCqfkwVFEa'}, 'followers': {'href': None, 'total': 1278915}, 'genres': ['indie rock', 'modern rock', 'oxford indie', 'rock'], 'href': 'https://api.spotify.com/v1/artists/6FQqZYVfTNQ1pCqfkwVFEa', 'id': '6FQqZYVfTNQ1pCqfkwVFEa', 'images': [{'height': 640, 'url': 'https://i.scdn.co/image/ab6761610000e5ebe7b5d168c13ddba810b430dd', 'width': 640}, {'height': 320, 'url': 'https://i.scdn.co/image/ab67616100005174e7b5d168c13ddba810b430dd', 'width': 320}, {'height': 160, 'url': 'https://i.scdn.co/image/ab6761610000f178e7b5d168c13ddba810b430dd', 'width': 160}], 'name': 'Foals', 'popularity': 64, 'type': 'artist', 'uri': 'spotify:artist:6FQqZYVfTNQ1pCqfkwVFEa'}",Foals,64,"['indie rock', 'modern rock', 'oxford indie', 'rock']",Holy Fire,25
71,spotify:track:3655hq7JZCaQKIXSmKARMT,Brainy,2007-05-21,"{'external_urls': {'spotify': 'https://open.spotify.com/artist/2cCUtGK9sDU2EoElnk0GNB'}, 'followers': {'href': None, 'total': 1406002}, 'genres': ['indie rock', 'modern rock'], 'href': 'https://api.spotify.com/v1/artists/2cCUtGK9sDU2EoElnk0GNB', 'id': '2cCUtGK9sDU2EoElnk0GNB', 'images': [{'height': 640, 'url': 'https://i.scdn.co/image/ab6761610000e5ebeb6f09d5c9727e9cde277574', 'width': 640}, {'height': 320, 'url': 'https://i.scdn.co/image/ab67616100005174eb6f09d5c9727e9cde277574', 'width': 320}, {'height': 160, 'url': 'https://i.scdn.co/image/ab6761610000f178eb6f09d5c9727e9cde277574', 'width': 160}], 'name': 'The National', 'popularity': 66, 'type': 'artist', 'uri': 'spotify:artist:2cCUtGK9sDU2EoElnk0GNB'}",The National,66,"['indie rock', 'modern rock']",Boxer,39
72,spotify:track:69UqtTHfUKAJweQwEStRzC,Sunsetz,2017-06-09,"{'external_urls': {'spotify': 'https://open.spotify.com/artist/1QAJqy2dA3ihHBFIHRphZj'}, 'followers': {'href': None, 'total': 4752023}, 'genres': ['ambient pop', 'dream pop', 'el paso indie', 'shoegaze'], 'href': 'https://api.spotify.com/v1/artists/1QAJqy2dA3ihHBFIHRphZj', 'id': '1QAJqy2dA3ihHBFIHRphZj', 'images': [{'height': 640, 'url': 'https://i.scdn.co/image/ab6761610000e5eb184c693111b41bc7f101ce8a', 'width': 640}, {'height': 320, 'url': 'https://i.scdn.co/image/ab67616100005174184c693111b41bc7f101ce8a', 'width': 320}, {'height': 160, 'url': 'https://i.scdn.co/image/ab6761610000f178184c693111b41bc7f101ce8a', 'width': 160}], 'name': 'Cigarettes After Sex', 'popularity': 80, 'type': 'artist', 'uri': 'spotify:artist:1QAJqy2dA3ihHBFIHRphZj'}",Cigarettes After Sex,80,"['ambient pop', 'dream pop', 'el paso indie', 'shoegaze']",Cigarettes After Sex,77
73,spotify:track:4i3txPQIUV4eC9g9FBpi9I,Spanish Sahara,2010-05-10,"{'external_urls': {'spotify': 'https://open.spotify.com/artist/6FQqZYVfTNQ1pCqfkwVFEa'}, 'followers': {'href': None, 'total': 1278915}, 'genres': ['indie rock', 'modern rock', 'oxford indie', 'rock'], 'href': 'https://api.spotify.com/v1/artists/6FQqZYVfTNQ1pCqfkwVFEa', 'id': '6FQqZYVfTNQ1pCqfkwVFEa', 'images': [{'height': 640, 'url': 'https://i.scdn.co/image/ab6761610000e5ebe7b5d168c13ddba810b430dd', 'width': 640}, {'height': 320, 'url': 'https://i.scdn.co/image/ab67616100005174e7b5d168c13ddba810b430dd', 'width': 320}, {'height': 160, 'url': 'https://i.scdn.co/image/ab6761610000f178e7b5d168c13ddba810b430dd', 'width': 160}], 'name': 'Foals', 'popularity': 64, 'type': 'artist', 'uri': 'spotify:artist:6FQqZYVfTNQ1pCqfkwVFEa'}",Foals,64,"['indie rock', 'modern rock', 'oxford indie', 'rock']",Total Life Forever,0
74,spotify:track:2SJfaYx7FeRFpsCKDFa8lH,After Glow,2010-05-10,"{'external_urls': {'spotify': 'https://open.spotify.com/artist/6FQqZYVfTNQ1pCqfkwVFEa'}, 'followers': {'href': None, 'total': 1278915}, 'genres': ['indie rock', 'modern rock', 'oxford indie', 'rock'], 'href': 'https://api.spotify.com/v1/artists/6FQqZYVfTNQ1pCqfkwVFEa', 'id': '6FQqZYVfTNQ1pCqfkwVFEa', 'images': [{'height': 640, 'url': 'https://i.scdn.co/image/ab6761610000e5ebe7b5d168c13ddba810b430dd', 'width': 640}, {'height': 320, 'url': 'https://i.scdn.co/image/ab67616100005174e7b5d168c13ddba810b430dd', 'width': 320}, {'height': 160, 'url': 'https://i.scdn.co/image/ab6761610000f178e7b5d168c13ddba810b430dd', 'width': 160}], 'name': 'Foals', 'popularity': 64, 'type': 'artist', 'uri': 'spotify:artist:6FQqZYVfTNQ1pCqfkwVFEa'}",Foals,64,"['indie rock', 'modern rock', 'oxford indie', 'rock']",Total Life Forever,0
75,spotify:track:5m1SWA6pLyPOplbabRixh6,Stepson,2013-02-11,"{'external_urls': {'spotify': 'https://open.spotify.com/artist/6FQqZYVfTNQ1pCqfkwVFEa'}, 'followers': {'href': None, 'total': 1278915}, 'genres': ['indie rock', 'modern rock', 'oxford indie', 'rock'], 'href': 'https://api.spotify.com/v1/artists/6FQqZYVfTNQ1pCqfkwVFEa', 'id': '6FQqZYVfTNQ1pCqfkwVFEa', 'images': [{'height': 640, 'url': 'https://i.scdn.co/image/ab6761610000e5ebe7b5d168c13ddba810b430dd', 'width': 640}, {'height': 320, 'url': 'https://i.scdn.co/image/ab67616100005174e7b5d168c13ddba810b430dd', 'width': 320}, {'height': 160, 'url': 'https://i.scdn.co/image/ab6761610000f178e7b5d168c13ddba810b430dd', 'width': 160}], 'name': 'Foals', 'popularity': 64, 'type': 'artist', 'uri': 'spotify:artist:6FQqZYVfTNQ1pCqfkwVFEa'}",Foals,64,"['indie rock', 'modern rock', 'oxford indie', 'rock']",Holy Fire,0
76,spotify:track:4EXwgaAqp9aRhS3q7CF6eT,Moon,2013-02-11,"{'external_urls': {'spotify': 'https://open.spotify.com/artist/6FQqZYVfTNQ1pCqfkwVFEa'}, 'followers': {'href': None, 'total': 1278915}, 'genres': ['indie rock', 'modern rock', 'oxford indie', 'rock'], 'href': 'https://api.spotify.com/v1/artists/6FQqZYVfTNQ1pCqfkwVFEa', 'id': '6FQqZYVfTNQ1pCqfkwVFEa', 'images': [{'height': 640, 'url': 'https://i.scdn.co/image/ab6761610000e5ebe7b5d168c13ddba810b430dd', 'width': 640}, {'height': 320, 'url': 'https://i.scdn.co/image/ab67616100005174e7b5d168c13ddba810b430dd', 'width': 320}, {'height': 160, 'url': 'https://i.scdn.co/image/ab6761610000f178e7b5d168c13ddba810b430dd', 'width': 160}], 'name': 'Foals', 'popularity': 64, 'type': 'artist', 'uri': 'spotify:artist:6FQqZYVfTNQ1pCqfkwVFEa'}",Foals,64,"['indie rock', 'modern rock', 'oxford indie', 'rock']",Holy Fire,0
77,spotify:track:1Dl44SWywsIDdz1GgIp9gG,Infinity,2009-08-16,"{'external_urls': {'spotify': 'https://open.spotify.com/artist/3iOvXCl6edW5Um0fXEBRXy'}, 'followers': {'href': None, 'total': 3812707}, 'genres': ['downtempo', 'dream pop', 'indietronica'], 'href': 'https://api.spotify.com/v1/artists/3iOvXCl6edW5Um0fXEBRXy', 'id': '3iOvXCl6edW5Um0fXEBRXy', 'images': [{'height': 640, 'url': 'https://i.scdn.co/image/ab6761610000e5eb193bce41687d1869f8c7593f', 'width': 640}, {'height': 320, 'url': 'https://i.scdn.co/image/ab67616100005174193bce41687d1869f8c7593f', 'width': 320}, {'height': 160, 'url': 'https://i.scdn.co/image/ab6761610000f178193bce41687d1869f8c7593f', 'width': 160}], 'name': 'The xx', 'popularity': 65, 'type': 'artist', 'uri': 'spotify:artist:3iOvXCl6edW5Um0fXEBRXy'}",The xx,65,"['downtempo', 'dream pop', 'indietronica']",xx,0
78,spotify:track:33NysMbc4naLtmQyODcZxo,Together,2013-07-15,"{'external_urls': {'spotify': 'https://open.spotify.com/artist/3iOvXCl6edW5Um0fXEBRXy'}, 'followers': {'href': None, 'total': 3812707}, 'genres': ['downtempo', 'dream pop', 'indietronica'], 'href': 'https://api.spotify.com/v1/artists/3iOvXCl6edW5Um0fXEBRXy', 'id': '3iOvXCl6edW5Um0fXEBRXy', 'images': [{'height': 640, 'url': 'https://i.scdn.co/image/ab6761610000e5eb193bce41687d1869f8c7593f', 'width': 640}, {'height': 320, 'url': 'https://i.scdn.co/image/ab67616100005174193bce41687d1869f8c7593f', 'width': 320}, {'height': 160, 'url': 'https://i.scdn.co/image/ab6761610000f178193bce41687d1869f8c7593f', 'width': 160}], 'name': 'The xx', 'popularity': 65, 'type': 'artist', 'uri': 'spotify:artist:3iOvXCl6edW5Um0fXEBRXy'}",The xx,65,"['downtempo', 'dream pop', 'indietronica']",Fiction,0
79,spotify:track:5PWrmPjD41L9uDd3o6K2L9,Smokers Outside The Hospital Doors - Full,2007-06-23,"{'external_urls': {'spotify': 'https://open.spotify.com/artist/6e9wIFWhBPHLE9bXK8gtBI'}, 'followers': {'href': None, 'total': 676880}, 'genres': ['alternative dance', 'indie rock', 'modern rock', 'rock'], 'href': 'https://api.spotify.com/v1/artists/6e9wIFWhBPHLE9bXK8gtBI', 'id': '6e9wIFWhBPHLE9bXK8gtBI', 'images': [{'height': 640, 'url': 'https://i.scdn.co/image/ab6761610000e5eb02f411bd3acd4f49905f2564', 'width': 640}, {'height': 320, 'url': 'https://i.scdn.co/image/ab6761610000517402f411bd3acd4f49905f2564', 'width': 320}, {'height': 160, 'url': 'https://i.scdn.co/image/ab6761610000f17802f411bd3acd4f49905f2564', 'width': 160}], 'name': 'Editors', 'popularity': 56, 'type': 'artist', 'uri': 'spotify:artist:6e9wIFWhBPHLE9bXK8gtBI'}",Editors,56,"['alternative dance', 'indie rock', 'modern rock', 'rock']",An End Has A Start,0
80,spotify:track:2p6XYiz5cjm2VYfzNINCZn,Open Your Arms,2005-07-23,"{'external_urls': {'spotify': 'https://open.spotify.com/artist/6e9wIFWhBPHLE9bXK8gtBI'}, 'followers': {'href': None, 'total': 676880}, 'genres': ['alternative dance', 'indie rock', 'modern rock', 'rock'], 'href': 'https://api.spotify.com/v1/artists/6e9wIFWhBPHLE9bXK8gtBI', 'id': '6e9wIFWhBPHLE9bXK8gtBI', 'images': [{'height': 640, 'url': 'https://i.scdn.co/image/ab6761610000e5eb02f411bd3acd4f49905f2564', 'width': 640}, {'height': 320, 'url': 'https://i.scdn.co/image/ab6761610000517402f411bd3acd4f49905f2564', 'width': 320}, {'height': 160, 'url': 'https://i.scdn.co/image/ab6761610000f17802f411bd3acd4f49905f2564', 'width': 160}], 'name': 'Editors', 'popularity': 56, 'type': 'artist', 'uri': 'spotify:artist:6e9wIFWhBPHLE9bXK8gtBI'}",Editors,56,"['alternative dance', 'indie rock', 'modern rock', 'rock']",The Back Room,0
81,spotify:track:2I8Dwm2GctXWW4MMPp5Vap,Summer Holiday,2010-05-25,"{'external_urls': {'spotify': 'https://open.spotify.com/artist/6NrkINd80slV25wkBu9mEB'}, 'followers': {'href': None, 'total': 278842}, 'genres': ['chillwave', 'dream pop', 'dreamo', 'indie pop', 'indie rock', 'indie surf', 'modern dream pop', 'nu gaze', 'shoegaze'], 'href': 'https://api.spotify.com/v1/artists/6NrkINd80slV25wkBu9mEB', 'id': '6NrkINd80slV25wkBu9mEB', 'images': [{'height': 640, 'url': 'https://i.scdn.co/image/ab6761610000e5eb1843e2b99b33e6af89dd1a77', 'width': 640}, {'height': 320, 'url': 'https://i.scdn.co/image/ab676161000051741843e2b99b33e6af89dd1a77', 'width': 320}, {'height': 160, 'url': 'https://i.scdn.co/image/ab6761610000f1781843e2b99b33e6af89dd1a77', 'width': 160}], 'name': 'Wild Nothing', 'popularity': 47, 'type': 'artist', 'uri': 'spotify:artist:6NrkINd80slV25wkBu9mEB'}",Wild Nothing,47,"['chillwave', 'dream pop', 'dreamo', 'indie pop', 'indie rock', 'indie surf', 'modern dream pop', 'nu gaze', 'shoegaze']",Gemini,0
82,spotify:track:0Xfz4077yqrRIQt7QCgS7L,Sorrow,2010-11-22,"{'external_urls': {'spotify': 'https://open.spotify.com/artist/2cCUtGK9sDU2EoElnk0GNB'}, 'followers': {'href': None, 'total': 1406002}, 'genres': ['indie rock', 'modern rock'], 'href': 'https://api.spotify.com/v1/artists/2cCUtGK9sDU2EoElnk0GNB', 'id': '2cCUtGK9sDU2EoElnk0GNB', 'images': [{'height': 640, 'url': 'https://i.scdn.co/image/ab6761610000e5ebeb6f09d5c9727e9cde277574', 'width': 640}, {'height': 320, 'url': 'https://i.scdn.co/image/ab67616100005174eb6f09d5c9727e9cde277574', 'width': 320}, {'height': 160, 'url': 'https://i.scdn.co/image/ab6761610000f178eb6f09d5c9727e9cde277574', 'width': 160}], 'name': 'The National', 'popularity': 66, 'type': 'artist', 'uri': 'spotify:artist:2cCUtGK9sDU2EoElnk0GNB'}",The National,66,"['indie rock', 'modern rock']",High Violet (Expanded Edition),0
83,spotify:track:5IYKKHYvfXbf0lWf66F9bJ,Conversation 16,2010-11-22,"{'external_urls': {'spotify': 'https://open.spotify.com/artist/2cCUtGK9sDU2EoElnk0GNB'}, 'followers': {'href': None, 'total': 1406002}, 'genres': ['indie rock', 'modern rock'], 'href': 'https://api.spotify.com/v1/artists/2cCUtGK9sDU2EoElnk0GNB', 'id': '2cCUtGK9sDU2EoElnk0GNB', 'images': [{'height': 640, 'url': 'https://i.scdn.co/image/ab6761610000e5ebeb6f09d5c9727e9cde277574', 'width': 640}, {'height': 320, 'url': 'https://i.scdn.co/image/ab67616100005174eb6f09d5c9727e9cde277574', 'width': 320}, {'height': 160, 'url': 'https://i.scdn.co/image/ab6761610000f178eb6f09d5c9727e9cde277574', 'width': 160}], 'name': 'The National', 'popularity': 66, 'type': 'artist', 'uri': 'spotify:artist:2cCUtGK9sDU2EoElnk0GNB'}",The National,66,"['indie rock', 'modern rock']",High Violet (Expanded Edition),0
84,spotify:track:6aUAF8JOd8zEl41B6I18xL,Fake Empire,2007-05-21,"{'external_urls': {'spotify': 'https://open.spotify.com/artist/2cCUtGK9sDU2EoElnk0GNB'}, 'followers': {'href': None, 'total': 1406002}, 'genres': ['indie rock', 'modern rock'], 'href': 'https://api.spotify.com/v1/artists/2cCUtGK9sDU2EoElnk0GNB', 'id': '2cCUtGK9sDU2EoElnk0GNB', 'images': [{'height': 640, 'url': 'https://i.scdn.co/image/ab6761610000e5ebeb6f09d5c9727e9cde277574', 'width': 640}, {'height': 320, 'url': 'https://i.scdn.co/image/ab67616100005174eb6f09d5c9727e9cde277574', 'width': 320}, {'height': 160, 'url': 'https://i.scdn.co/image/ab6761610000f178eb6f09d5c9727e9cde277574', 'width': 160}], 'name': 'The National', 'popularity': 66, 'type': 'artist', 'uri': 'spotify:artist:2cCUtGK9sDU2EoElnk0GNB'}",The National,66,"['indie rock', 'modern rock']",Boxer,0
85,spotify:track:4r96BHSoqFoavq0eOAoywj,Guest Room,2007-05-21,"{'external_urls': {'spotify': 'https://open.spotify.com/artist/2cCUtGK9sDU2EoElnk0GNB'}, 'followers': {'href': None, 'total': 1406002}, 'genres': ['indie rock', 'modern rock'], 'href': 'https://api.spotify.com/v1/artists/2cCUtGK9sDU2EoElnk0GNB', 'id': '2cCUtGK9sDU2EoElnk0GNB', 'images': [{'height': 640, 'url': 'https://i.scdn.co/image/ab6761610000e5ebeb6f09d5c9727e9cde277574', 'width': 640}, {'height': 320, 'url': 'https://i.scdn.co/image/ab67616100005174eb6f09d5c9727e9cde277574', 'width': 320}, {'height': 160, 'url': 'https://i.scdn.co/image/ab6761610000f178eb6f09d5c9727e9cde277574', 'width': 160}], 'name': 'The National', 'popularity': 66, 'type': 'artist', 'uri': 'spotify:artist:2cCUtGK9sDU2EoElnk0GNB'}",The National,66,"['indie rock', 'modern rock']",Boxer,0
86,spotify:track:6XW2rKHwNnX5qzk79Qis9w,This Is The Last Time,2013-05-27,"{'external_urls': {'spotify': 'https://open.spotify.com/artist/2cCUtGK9sDU2EoElnk0GNB'}, 'followers': {'href': None, 'total': 1406002}, 'genres': ['indie rock', 'modern rock'], 'href': 'https://api.spotify.com/v1/artists/2cCUtGK9sDU2EoElnk0GNB', 'id': '2cCUtGK9sDU2EoElnk0GNB', 'images': [{'height': 640, 'url': 'https://i.scdn.co/image/ab6761610000e5ebeb6f09d5c9727e9cde277574', 'width': 640}, {'height': 320, 'url': 'https://i.scdn.co/image/ab67616100005174eb6f09d5c9727e9cde277574', 'width': 320}, {'height': 160, 'url': 'https://i.scdn.co/image/ab6761610000f178eb6f09d5c9727e9cde277574', 'width': 160}], 'name': 'The National', 'popularity': 66, 'type': 'artist', 'uri': 'spotify:artist:2cCUtGK9sDU2EoElnk0GNB'}",The National,66,"['indie rock', 'modern rock']",Trouble Will Find Me,0
87,spotify:track:7rbCL7W893Zonbfnevku5s,I Need My Girl,2013-05-27,"{'external_urls': {'spotify': 'https://open.spotify.com/artist/2cCUtGK9sDU2EoElnk0GNB'}, 'followers': {'href': None, 'total': 1406002}, 'genres': ['indie rock', 'modern rock'], 'href': 'https://api.spotify.com/v1/artists/2cCUtGK9sDU2EoElnk0GNB', 'id': '2cCUtGK9sDU2EoElnk0GNB', 'images': [{'height': 640, 'url': 'https://i.scdn.co/image/ab6761610000e5ebeb6f09d5c9727e9cde277574', 'width': 640}, {'height': 320, 'url': 'https://i.scdn.co/image/ab67616100005174eb6f09d5c9727e9cde277574', 'width': 320}, {'height': 160, 'url': 'https://i.scdn.co/image/ab6761610000f178eb6f09d5c9727e9cde277574', 'width': 160}], 'name': 'The National', 'popularity': 66, 'type': 'artist', 'uri': 'spotify:artist:2cCUtGK9sDU2EoElnk0GNB'}",The National,66,"['indie rock', 'modern rock']",Trouble Will Find Me,0
88,spotify:track:5yliXGiVY5kQLhkc7G9WuC,Twice As Hard,2014-09-08,"{'external_urls': {'spotify': 'https://open.spotify.com/artist/3WaJSfKnzc65VDgmj2zU8B'}, 'followers': {'href': None, 'total': 1443793}, 'genres': ['alternative rock', 'indie rock', 'modern rock', 'rock'], 'href': 'https://api.spotify.com/v1/artists/3WaJSfKnzc65VDgmj2zU8B', 'id': '3WaJSfKnzc65VDgmj2zU8B', 'images': [{'height': 640, 'url': 'https://i.scdn.co/image/ab6761610000e5eb120d51babe5e6770b00ac3c6', 'width': 640}, {'height': 320, 'url': 'https://i.scdn.co/image/ab67616100005174120d51babe5e6770b00ac3c6', 'width': 320}, {'height': 160, 'url': 'https://i.scdn.co/image/ab6761610000f178120d51babe5e6770b00ac3c6', 'width': 160}], 'name': 'Interpol', 'popularity': 64, 'type': 'artist', 'uri': 'spotify:artist:3WaJSfKnzc65VDgmj2zU8B'}",Interpol,64,"['alternative rock', 'indie rock', 'modern rock', 'rock']",El Pintor,0
89,spotify:track:2LhpTLbvZToUlWr4k9nhCT,Summertime Is Coming,2012-10-22,"{'external_urls': {'spotify': 'https://open.spotify.com/artist/6h7Y3QR7IjzAD05Qw5QYO4'}, 'followers': {'href': None, 'total': 34314}, 'genres': [], 'href': 'https://api.spotify.com/v1/artists/6h7Y3QR7IjzAD05Qw5QYO4', 'id': '6h7Y3QR7IjzAD05Qw5QYO4', 'images': [{'height': 640, 'url': 'https://i.scdn.co/image/ab6761610000e5ebeb18b6a15f58d59fa5f7d1e6', 'width': 640}, {'height': 320, 'url': 'https://i.scdn.co/image/ab67616100005174eb18b6a15f58d59fa5f7d1e6', 'width': 320}, {'height': 160, 'url': 'https://i.scdn.co/image/ab6761610000f178eb18b6a15f58d59fa5f7d1e6', 'width': 160}], 'name': 'Paul Banks', 'popularity': 28, 'type': 'artist', 'uri': 'spotify:artist:6h7Y3QR7IjzAD05Qw5QYO4'}",Paul Banks,28,[],Banks,0
90,spotify:track:7JvTheiFwSaMFXFEbHnStK,Crystal,2001-06-18,"{'external_urls': {'spotify': 'https://open.spotify.com/artist/0yNLKJebCb8Aueb54LYya3'}, 'followers': {'href': None, 'total': 1759055}, 'genres': ['art rock', 'dance rock', 'madchester', 'new romantic', 'new wave', 'new wave pop', 'permanent wave', 'pop rock', 'post-punk', 'rock', 'synthpop', 'uk post-punk'], 'href': 'https://api.spotify.com/v1/artists/0yNLKJebCb8Aueb54LYya3', 'id': '0yNLKJebCb8Aueb54LYya3', 'images': [{'height': 640, 'url': 'https://i.scdn.co/image/ab6761610000e5eba080a8e96758f416301578f9', 'width': 640}, {'height': 320, 'url': 'https://i.scdn.co/image/ab67616100005174a080a8e96758f416301578f9', 'width': 320}, {'height': 160, 'url': 'https://i.scdn.co/image/ab6761610000f178a080a8e96758f416301578f9', 'width': 160}], 'name': 'New Order', 'popularity': 65, 'type': 'artist', 'uri': 'spotify:artist:0yNLKJebCb8Aueb54LYya3'}",New Order,65,"['art rock', 'dance rock', 'madchester', 'new romantic', 'new wave', 'new wave pop', 'permanent wave', 'pop rock', 'post-punk', 'rock', 'synthpop', 'uk post-punk']",Get Ready,51
91,spotify:track:4hFoXcOvjkswdTmS9m1eXL,This Is The End,2007-01-01,"{'external_urls': {'spotify': 'https://open.spotify.com/artist/2zRt0sfxNnqI8gLR7d8gWt'}, 'followers': {'href': None, 'total': 277206}, 'genres': ['dark wave'], 'href': 'https://api.spotify.com/v1/artists/2zRt0sfxNnqI8gLR7d8gWt', 'id': '2zRt0sfxNnqI8gLR7d8gWt', 'images': [{'height': 640, 'url': 'https://i.scdn.co/image/ab6761610000e5eb64068a65398cd48d33391977', 'width': 640}, {'height': 320, 'url': 'https://i.scdn.co/image/ab6761610000517464068a65398cd48d33391977', 'width': 320}, {'height': 160, 'url': 'https://i.scdn.co/image/ab6761610000f17864068a65398cd48d33391977', 'width': 160}], 'name': 'She Wants Revenge', 'popularity': 53, 'type': 'artist', 'uri': 'spotify:artist:2zRt0sfxNnqI8gLR7d8gWt'}",She Wants Revenge,53,['dark wave'],This Is Forever,25
92,spotify:track:4yqaApgNwG5QGdDKGCKC1b,Ocean of Noise,2007-03-06,"{'external_urls': {'spotify': 'https://open.spotify.com/artist/3kjuyTCjPG1WMFCiyc5IuB'}, 'followers': {'href': None, 'total': 2121564}, 'genres': ['baroque pop', 'canadian indie', 'indie rock', 'modern rock', 'permanent wave', 'quebec indie', 'rock'], 'href': 'https://api.spotify.com/v1/artists/3kjuyTCjPG1WMFCiyc5IuB', 'id': '3kjuyTCjPG1WMFCiyc5IuB', 'images': [{'height': 640, 'url': 'https://i.scdn.co/image/ab6761610000e5eba044e15eee771205956dcbf8', 'width': 640}, {'height': 320, 'url': 'https://i.scdn.co/image/ab67616100005174a044e15eee771205956dcbf8', 'width': 320}, {'height': 160, 'url': 'https://i.scdn.co/image/ab6761610000f178a044e15eee771205956dcbf8', 'width': 160}], 'name': 'Arcade Fire', 'popularity': 67, 'type': 'artist', 'uri': 'spotify:artist:3kjuyTCjPG1WMFCiyc5IuB'}",Arcade Fire,67,"['baroque pop', 'canadian indie', 'indie rock', 'modern rock', 'permanent wave', 'quebec indie', 'rock']",Neon Bible,0
93,spotify:track:0nev4XL4Y6hrDsRpK4ERcU,No Cars Go,2007-03-06,"{'external_urls': {'spotify': 'https://open.spotify.com/artist/3kjuyTCjPG1WMFCiyc5IuB'}, 'followers': {'href': None, 'total': 2121564}, 'genres': ['baroque pop', 'canadian indie', 'indie rock', 'modern rock', 'permanent wave', 'quebec indie', 'rock'], 'href': 'https://api.spotify.com/v1/artists/3kjuyTCjPG1WMFCiyc5IuB', 'id': '3kjuyTCjPG1WMFCiyc5IuB', 'images': [{'height': 640, 'url': 'https://i.scdn.co/image/ab6761610000e5eba044e15eee771205956dcbf8', 'width': 640}, {'height': 320, 'url': 'https://i.scdn.co/image/ab67616100005174a044e15eee771205956dcbf8', 'width': 320}, {'height': 160, 'url': 'https://i.scdn.co/image/ab6761610000f178a044e15eee771205956dcbf8', 'width': 160}], 'name': 'Arcade Fire', 'popularity': 67, 'type': 'artist', 'uri': 'spotify:artist:3kjuyTCjPG1WMFCiyc5IuB'}",Arcade Fire,67,"['baroque pop', 'canadian indie', 'indie rock', 'modern rock', 'permanent wave', 'quebec indie', 'rock']",Neon Bible,0
94,spotify:track:2uljPrNySotVP1d42B30X2,Wake Up,2004-09-14,"{'external_urls': {'spotify': 'https://open.spotify.com/artist/3kjuyTCjPG1WMFCiyc5IuB'}, 'followers': {'href': None, 'total': 2121564}, 'genres': ['baroque pop', 'canadian indie', 'indie rock', 'modern rock', 'permanent wave', 'quebec indie', 'rock'], 'href': 'https://api.spotify.com/v1/artists/3kjuyTCjPG1WMFCiyc5IuB', 'id': '3kjuyTCjPG1WMFCiyc5IuB', 'images': [{'height': 640, 'url': 'https://i.scdn.co/image/ab6761610000e5eba044e15eee771205956dcbf8', 'width': 640}, {'height': 320, 'url': 'https://i.scdn.co/image/ab67616100005174a044e15eee771205956dcbf8', 'width': 320}, {'height': 160, 'url': 'https://i.scdn.co/image/ab6761610000f178a044e15eee771205956dcbf8', 'width': 160}], 'name': 'Arcade Fire', 'popularity': 67, 'type': 'artist', 'uri': 'spotify:artist:3kjuyTCjPG1WMFCiyc5IuB'}",Arcade Fire,67,"['baroque pop', 'canadian indie', 'indie rock', 'modern rock', 'permanent wave', 'quebec indie', 'rock']",Funeral,0
95,spotify:track:1FJ7sEf02HAmfVTEfQvmOV,505,2007-04-23,"{'external_urls': {'spotify': 'https://open.spotify.com/artist/7Ln80lUS6He07XvHI8qqHH'}, 'followers': {'href': None, 'total': 15786464}, 'genres': ['garage rock', 'modern rock', 'permanent wave', 'rock', 'sheffield indie'], 'href': 'https://api.spotify.com/v1/artists/7Ln80lUS6He07XvHI8qqHH', 'id': '7Ln80lUS6He07XvHI8qqHH', 'images': [{'height': 640, 'url': 'https://i.scdn.co/image/ab6761610000e5eb7da39dea0a72f581535fb11f', 'width': 640}, {'height': 320, 'url': 'https://i.scdn.co/image/ab676161000051747da39dea0a72f581535fb11f', 'width': 320}, {'height': 160, 'url': 'https://i.scdn.co/image/ab6761610000f1787da39dea0a72f581535fb11f', 'width': 160}], 'name': 'Arctic Monkeys', 'popularity': 86, 'type': 'artist', 'uri': 'spotify:artist:7Ln80lUS6He07XvHI8qqHH'}",Arctic Monkeys,86,"['garage rock', 'modern rock', 'permanent wave', 'rock', 'sheffield indie']",Favourite Worst Nightmare,0
96,spotify:track:3Hbd6gPZ0QErPWXVkC6GRt,Intro,2012-09-18,"{'external_urls': {'spotify': 'https://open.spotify.com/artist/3XHO7cRUPCLOr6jwp8vsx5'}, 'followers': {'href': None, 'total': 3048091}, 'genres': ['indie rock', 'modern rock'], 'href': 'https://api.spotify.com/v1/artists/3XHO7cRUPCLOr6jwp8vsx5', 'id': '3XHO7cRUPCLOr6jwp8vsx5', 'images': [{'height': 640, 'url': 'https://i.scdn.co/image/ab6761610000e5eb3fb5214e667e278a20878a6b', 'width': 640}, {'height': 320, 'url': 'https://i.scdn.co/image/ab676161000051743fb5214e667e278a20878a6b', 'width': 320}, {'height': 160, 'url': 'https://i.scdn.co/image/ab6761610000f1783fb5214e667e278a20878a6b', 'width': 160}], 'name': 'alt-J', 'popularity': 69, 'type': 'artist', 'uri': 'spotify:artist:3XHO7cRUPCLOr6jwp8vsx5'}",alt-J,69,"['indie rock', 'modern rock']",An Awesome Wave,45
97,spotify:track:5hMR6jMlewdi9glfFc3L7q,Intro,2014-09-22,"{'external_urls': {'spotify': 'https://open.spotify.com/artist/3XHO7cRUPCLOr6jwp8vsx5'}, 'followers': {'href': None, 'total': 3048091}, 'genres': ['indie rock', 'modern rock'], 'href': 'https://api.spotify.com/v1/artists/3XHO7cRUPCLOr6jwp8vsx5', 'id': '3XHO7cRUPCLOr6jwp8vsx5', 'images': [{'height': 640, 'url': 'https://i.scdn.co/image/ab6761610000e5eb3fb5214e667e278a20878a6b', 'width': 640}, {'height': 320, 'url': 'https://i.scdn.co/image/ab676161000051743fb5214e667e278a20878a6b', 'width': 320}, {'height': 160, 'url': 'https://i.scdn.co/image/ab6761610000f1783fb5214e667e278a20878a6b', 'width': 160}], 'name': 'alt-J', 'popularity': 69, 'type': 'artist', 'uri': 'spotify:artist:3XHO7cRUPCLOr6jwp8vsx5'}",alt-J,69,"['indie rock', 'modern rock']",This Is All Yours,36
98,spotify:track:3GTcfp8RoZ0lPNHhKpEtD2,10 Mile Stereo,2010-02-23,"{'external_urls': {'spotify': 'https://open.spotify.com/artist/56ZTgzPBDge0OvCGgMO3OY'}, 'followers': {'href': None, 'total': 1608926}, 'genres': ['baltimore indie', 'dream pop', 'dreamo', 'modern dream pop'], 'href': 'https://api.spotify.com/v1/artists/56ZTgzPBDge0OvCGgMO3OY', 'id': '56ZTgzPBDge0OvCGgMO3OY', 'images': [{'height': 640, 'url': 'https://i.scdn.co/image/ab6761610000e5ebb3e38a46a56a423d8f741c09', 'width': 640}, {'height': 320, 'url': 'https://i.scdn.co/image/ab67616100005174b3e38a46a56a423d8f741c09', 'width': 320}, {'height': 160, 'url': 'https://i.scdn.co/image/ab6761610000f178b3e38a46a56a423d8f741c09', 'width': 160}], 'name': 'Beach House', 'popularity': 71, 'type': 'artist', 'uri': 'spotify:artist:56ZTgzPBDge0OvCGgMO3OY'}",Beach House,71,"['baltimore indie', 'dream pop', 'dreamo', 'modern dream pop']",Teen Dream,0
99,spotify:track:4CLZlTPjaKqbadAJc031OQ,Pogo,2007-05-09,"{'external_urls': {'spotify': 'https://open.spotify.com/artist/2fBURuq7FrlH6z5F92mpOl'}, 'followers': {'href': None, 'total': 321369}, 'genres': ['alternative dance', 'dance-punk', 'electro house', 'electronica', 'indietronica', 'new rave'], 'href': 'https://api.spotify.com/v1/artists/2fBURuq7FrlH6z5F92mpOl', 'id': '2fBURuq7FrlH6z5F92mpOl', 'images': [{'height': 640, 'url': 'https://i.scdn.co/image/ab6761610000e5eb5f592fa7bcfc1940f1c32021', 'width': 640}, {'height': 320, 'url': 'https://i.scdn.co/image/ab676161000051745f592fa7bcfc1940f1c32021', 'width': 320}, {'height': 160, 'url': 'https://i.scdn.co/image/ab6761610000f1785f592fa7bcfc1940f1c32021', 'width': 160}], 'name': 'Digitalism', 'popularity': 48, 'type': 'artist', 'uri': 'spotify:artist:2fBURuq7FrlH6z5F92mpOl'}",Digitalism,48,"['alternative dance', 'dance-punk', 'electro house', 'electronica', 'indietronica', 'new rave']",Idealism,0
